product_name,refresh_rate,technology,resolution,size,brightness,ram,storage,features,capacity,fast_charge,wireless_charge,chipset,material,weight,dimensions,sim,gps,bluetooth,jack,wifi,nfc,id,sensors,waterproof,name,version,productId,speaker
iPhone 16 Pro Max (256GB) - Chính hãng VN/A,10-120Hz,Super Retina XDR,2868 x 1320,"6.9""",2000nits,8GB,256GB,"• Độ phóng đại quang học 5x, độ thu nhỏ quang học 2x; phạm vi thu phóng quang học 10x
• Độ thu phóng kỹ thuật số lên đến 25x
• Điều Khiển Camera
• Ống kính mặc định có thể tùy chỉnh (Fusion)
• Lớp bảo vệ ống kính bằng sapphire
• Flash True Tone Thích Ứng
• Photonic Engine
• Deep Fusion
• HDR thông minh thế hệ 5
• Ảnh chân dung thế hệ mới với tính năng Lấy Nét và Điều Khiển Chiều Sâu
• Hiệu ứng Chiếu Sáng Chân Dung với sáu chế độ
• Chế độ Ban Đêm
• LiDAR Scanner hỗ trợ chụp ảnh chân dung ở chế độ ban đêm
• Chụp ảnh toàn cảnh Panorama (lên đến 63MP)
• Phong Cách Nhiếp Ảnh thế hệ mới nhất
• Ảnh không gian
• Chụp ảnh macro 48MP (Ultra Wide)
• Apple ProRAW
• Chụp hình dải màu rộng cho ảnh và ảnh động Live Photos
• Hiệu chỉnh ống kính (Ultra Wide)
• Hiệu chỉnh mắt đỏ nâng cao
• Tự động chống rung hình ảnh
• Chế độ Chụp Liên Tục
• Định vị ảnh
• Định dạng của hình ảnh được chụp: HEIF, JPEG, và DNG",,"• Sạc không dây MagSafe lên đến 25W với bộ tiếp hợp 30W trở lên
• Sạc không dây Qi2 lên đến 15W
• Sạc không dây Qi lên đến 7,5W
• Khả năng sạc nhanh: Sạc lên đến 50% trong khoảng 30 phút13 với bộ tiếp hợp 20W trở lên sử dụng cáp sạc USB‑C, hoặc với bộ tiếp hợp 30W trở lên sử dụng Bộ Sạc MagSafe (tất cả được bán riêng)",True,Apple A18 Pro,"Thiết kế titan
Mặt trước Ceramic Shield thế hệ mới nhất
Mặt sau bằng kính nhám",227g,163mm x 77.6mm x 8.25mm,1 Nano SIM,False,V5.3,False,Wi‑Fi 7 (802.11be),True,0,Face ID,IP68,iOS,18,0,
iPhone 16 (128GB) - Chính hãng VN/A,60Hz,Super Retina XDR,2556 x 1179,"6.1""",2000nits,8GB,128GB,"• Chống rung quang học dịch chuyển cảm biến cho video (Fusion)
• Độ thu phóng kỹ thuật số lên đến 6x
• Phóng đại âm thanh
• Flash True Tone
• Chống rung video kỹ thuật số (4K, 1080p, và 720p)
• Video tự động lấy nét liên tiếp
• Chụp ảnh tĩnh 8MP trong khi quay video 4K
• Thu phóng khi xem
• Định dạng của video được quay: HEVC và H.264
• Âm Thanh Không Gian và thu âm stereo
• Giảm tiếng gió
• Hòa Âm
• Độ phóng đại quang học 2x, độ thu nhỏ quang học 2x; phạm vi thu phóng quang học 4x
• Độ thu phóng kỹ thuật số lên đến 10x
• Điều Khiển Camera
• Lớp bảo vệ ống kính bằng sapphire
• Photonic Engine
• Deep Fusion
• HDR thông minh thế hệ 5
• Ảnh chân dung thế hệ mới với tính năng Lấy Nét và Điều Khiển Chiều Sâu
• Hiệu ứng Chiếu Sáng Chân Dung với sáu chế độ
• Chế độ Ban Đêm
• Chụp ảnh toàn cảnh Panorama (lên đến 63MP)
• Phong Cách Nhiếp Ảnh thế hệ mới nhất
• Ảnh không gian
• Chụp ảnh macro
• Chụp hình dải màu rộng cho ảnh và ảnh động Live Photos
• Hiệu chỉnh ống kính (Ultra Wide)
• Hiệu chỉnh mắt đỏ nâng cao
• Tự động chống rung hình ảnh
• Chế độ Chụp Liên Tục
• Định vị ảnh
• Định dạng của hình ảnh được chụp: HEIF và JPEG",,"• Sạc không dây MagSafe lên đến 25W với bộ tiếp hợp 30W trở lên
• Sạc không dây Qi2 lên đến 15W
• Sạc không dây Qi lên đến 7,5W1
• Khả năng sạc nhanh:
• Sạc lên đến 50% trong khoảng 30 phút với bộ tiếp hợp 20W trở lên sử dụng cáp sạc USB‑C, hoặc với bộ tiếp hợp 30W trở lên sử dụng Bộ Sạc MagSafe (tất cả được bán riêng)",True,Apple A18,"Thiết kế nhôm
Mặt trước Ceramic Shield thế hệ mới nhất
Mặt sau bằng kính pha màu",170g,147.6mm x 71.6mm x 7.80mm,1 Nano sim,False,V5.3,False,Wi‑Fi 7 (802.11be),True,1,Face ID,IP68,iOS,18,1,
Điện thoại iPhone 16e (128GB) - Chính hãng VN/A,60Hz,Super Retina XDR,2532 x 1170,"6.1""",1200nits,8GB,128GB,"Hỗ trợ quay video chậm 1080p ở tốc độ 120 fps hoặc 240 fps
• Video tua nhanh có chống rung Tua nhanh ở chế độ Ban Đêm
• Chế độ quay video QuickTak",,"• Sạc không dây MagSafe lên đến 25W với bộ tiếp hợp 30W trở lên
• Sạc không dây Qi2 lên đến 15W
• Sạc không dây Qi lên đến 7,5W1
• Khả năng sạc nhanh:
• Sạc lên đến 50% trong khoảng 30 phút với bộ tiếp hợp 20W trở lên sử dụng cáp sạc USB‑C, hoặc với bộ tiếp hợp 30W trở lên sử dụng Bộ Sạc MagSafe (tất cả được bán riêng)",True,Apple A18,,,146.7mm x 71.5mm x 7.80mm,SIM kép (nano-SIM và eSIM),False,V5.3,False,Wi‑Fi 6,True,2,Face ID,IP68,iOS,18,2,
Điện thoại iPhone 16e (256GB) - Chính hãng VN/A,60Hz,Super Retina XDR,2532 x 1170,"6.1""",1200nits,8GB,512GB,"Hỗ trợ quay video chậm 1080p ở tốc độ 120 fps hoặc 240 fps
• Video tua nhanh có chống rung Tua nhanh ở chế độ Ban Đêm
• Chế độ quay video QuickTak",,"• Sạc không dây MagSafe lên đến 25W với bộ tiếp hợp 30W trở lên
• Sạc không dây Qi2 lên đến 15W
• Sạc không dây Qi lên đến 7,5W1
• Khả năng sạc nhanh:
• Sạc lên đến 50% trong khoảng 30 phút với bộ tiếp hợp 20W trở lên sử dụng cáp sạc USB‑C, hoặc với bộ tiếp hợp 30W trở lên sử dụng Bộ Sạc MagSafe (tất cả được bán riêng)",True,Apple A18,,,146.7mm x 71.5mm x 7.80mm,SIM kép (nano-SIM và eSIM),False,V5.3,False,Wi‑Fi 6,True,3,Face ID,IP68,iOS,18,3,
Điện thoại iPhone 16e (512GB) - Chính hãng VN/A,60Hz,Super Retina XDR,2532 x 1170,"6.1""",1200nits,8GB,256GB,"Hỗ trợ quay video chậm 1080p ở tốc độ 120 fps hoặc 240 fps
• Video tua nhanh có chống rung Tua nhanh ở chế độ Ban Đêm
• Chế độ quay video QuickTak",,"• Sạc không dây MagSafe lên đến 25W với bộ tiếp hợp 30W trở lên
• Sạc không dây Qi2 lên đến 15W
• Sạc không dây Qi lên đến 7,5W1
• Khả năng sạc nhanh:
• Sạc lên đến 50% trong khoảng 30 phút với bộ tiếp hợp 20W trở lên sử dụng cáp sạc USB‑C, hoặc với bộ tiếp hợp 30W trở lên sử dụng Bộ Sạc MagSafe (tất cả được bán riêng)",True,Apple A18,,,146.7mm x 71.5mm x 7.80mm,SIM kép (nano-SIM và eSIM),False,V5.3,False,Wi‑Fi 6,True,4,Face ID,IP68,iOS,18,4,
Điện thoại iPhone 16 Pro - Chính hãng VN/A,10-120Hz,Super Retina XDR,2622 x 1206,"6.3""",2000nits,8GB,128GB,"• Độ phóng đại quang học 5x, độ thu nhỏ quang học 2x; phạm vi thu phóng quang học 10x
• Độ thu phóng kỹ thuật số lên đến 25x
• Điều Khiển Camera
• Ống kính mặc định có thể tùy chỉnh (Fusion)
• Lớp bảo vệ ống kính bằng sapphire
• Flash True Tone Thích Ứng
• Photonic Engine
• Deep Fusion
• HDR thông minh thế hệ 5
• Ảnh chân dung thế hệ mới với tính năng Lấy Nét và Điều Khiển Chiều Sâu
• Hiệu ứng Chiếu Sáng Chân Dung với sáu chế độ
• Chế độ Ban Đêm
• LiDAR Scanner hỗ trợ chụp ảnh chân dung ở chế độ ban đêm
• Chụp ảnh toàn cảnh Panorama (lên đến 63MP)
• Phong Cách Nhiếp Ảnh thế hệ mới nhất
• Ảnh không gian
• Chụp ảnh macro 48MP (Ultra Wide)
• Apple ProRAW
• Chụp hình dải màu rộng cho ảnh và ảnh động Live Photos
• Hiệu chỉnh ống kính (Ultra Wide)
• Hiệu chỉnh mắt đỏ nâng cao
• Tự động chống rung hình ảnh
• Chế độ Chụp Liên Tục
• Định vị ảnh
• Định dạng của hình ảnh được chụp: HEIF, JPEG, và DNG",,"• Sạc không dây MagSafe lên đến 25W với bộ tiếp hợp 30W trở lên
• Sạc không dây Qi2 lên đến 15W
• Sạc không dây Qi lên đến 7,5W
• Khả năng sạc nhanh: Sạc lên đến 50% trong khoảng 30 phút13 với bộ tiếp hợp 20W trở lên sử dụng cáp sạc USB‑C, hoặc với bộ tiếp hợp 30W trở lên sử dụng Bộ Sạc MagSafe (tất cả được bán riêng)",True,Apple A18 Pro,"Thiết kế titan
Mặt trước Ceramic Shield thế hệ mới nhất
Mặt sau bằng kính nhám",199g,149.6mm x 71.5mm x 8.25mm,1 Nano SIM,False,V5.3,False,Wi‑Fi 7 (802.11be),True,5,Face ID,IP68,iOS,18,5,
iPhone 16 Plus (128GB) - Chính hãng VN/A,60Hz,Super Retina XDR,2796 x 1290,"6.7""",2000nits,8GB,128GB,"• Chống rung quang học dịch chuyển cảm biến cho video (Fusion)
• Độ thu phóng kỹ thuật số lên đến 6x
• Phóng đại âm thanh
• Flash True Tone
• Chống rung video kỹ thuật số (4K, 1080p, và 720p)
• Video tự động lấy nét liên tiếp
• Chụp ảnh tĩnh 8MP trong khi quay video 4K
• Thu phóng khi xem
• Định dạng của video được quay: HEVC và H.264
• Âm Thanh Không Gian và thu âm stereo
• Giảm tiếng gió
• Hòa Âm
• Độ phóng đại quang học 2x, độ thu nhỏ quang học 2x; phạm vi thu phóng quang học 4x
• Độ thu phóng kỹ thuật số lên đến 10x
• Điều Khiển Camera
• Lớp bảo vệ ống kính bằng sapphire
• Photonic Engine
• Deep Fusion
• HDR thông minh thế hệ 5
• Ảnh chân dung thế hệ mới với tính năng Lấy Nét và Điều Khiển Chiều Sâu
• Hiệu ứng Chiếu Sáng Chân Dung với sáu chế độ
• Chế độ Ban Đêm
• Chụp ảnh toàn cảnh Panorama (lên đến 63MP)
• Phong Cách Nhiếp Ảnh thế hệ mới nhất
• Ảnh không gian
• Chụp ảnh macro
• Chụp hình dải màu rộng cho ảnh và ảnh động Live Photos
• Hiệu chỉnh ống kính (Ultra Wide)
• Hiệu chỉnh mắt đỏ nâng cao
• Tự động chống rung hình ảnh
• Chế độ Chụp Liên Tục
• Định vị ảnh
• Định dạng của hình ảnh được chụp: HEIF và JPEG",,"• Sạc không dây MagSafe lên đến 25W với bộ tiếp hợp 30W trở lên
• Sạc không dây Qi2 lên đến 15W
• Sạc không dây Qi lên đến 7,5W1
• Khả năng sạc nhanh:
• Sạc lên đến 50% trong khoảng 30 phút với bộ tiếp hợp 20W trở lên sử dụng cáp sạc USB‑C, hoặc với bộ tiếp hợp 30W trở lên sử dụng Bộ Sạc MagSafe (tất cả được bán riêng)",True,Apple A18,"Thiết kế nhôm
Mặt trước Ceramic Shield thế hệ mới nhất
Mặt sau bằng kính pha màu",199g,160.9mm x 77.8mm x 7.80mm,1 Nano sim,False,V5.3,False,Wi‑Fi 7 (802.11be),True,6,Face ID,IP68,iOS,18,6,
iPhone 16 Pro Max (512GB) - Chính hãng VN/A,10-120Hz,Super Retina XDR,2868 x 1320,"6.9""",2000nits,8GB,512GB,"• Độ phóng đại quang học 5x, độ thu nhỏ quang học 2x; phạm vi thu phóng quang học 10x
• Độ thu phóng kỹ thuật số lên đến 25x
• Điều Khiển Camera
• Ống kính mặc định có thể tùy chỉnh (Fusion)
• Lớp bảo vệ ống kính bằng sapphire
• Flash True Tone Thích Ứng
• Photonic Engine
• Deep Fusion
• HDR thông minh thế hệ 5
• Ảnh chân dung thế hệ mới với tính năng Lấy Nét và Điều Khiển Chiều Sâu
• Hiệu ứng Chiếu Sáng Chân Dung với sáu chế độ
• Chế độ Ban Đêm
• LiDAR Scanner hỗ trợ chụp ảnh chân dung ở chế độ ban đêm
• Chụp ảnh toàn cảnh Panorama (lên đến 63MP)
• Phong Cách Nhiếp Ảnh thế hệ mới nhất
• Ảnh không gian
• Chụp ảnh macro 48MP (Ultra Wide)
• Apple ProRAW
• Chụp hình dải màu rộng cho ảnh và ảnh động Live Photos
• Hiệu chỉnh ống kính (Ultra Wide)
• Hiệu chỉnh mắt đỏ nâng cao
• Tự động chống rung hình ảnh
• Chế độ Chụp Liên Tục
• Định vị ảnh
• Định dạng của hình ảnh được chụp: HEIF, JPEG, và DNG",,"• Sạc không dây MagSafe lên đến 25W với bộ tiếp hợp 30W trở lên
• Sạc không dây Qi2 lên đến 15W
• Sạc không dây Qi lên đến 7,5W
• Khả năng sạc nhanh: Sạc lên đến 50% trong khoảng 30 phút13 với bộ tiếp hợp 20W trở lên sử dụng cáp sạc USB‑C, hoặc với bộ tiếp hợp 30W trở lên sử dụng Bộ Sạc MagSafe (tất cả được bán riêng)",True,Apple A18 Pro,"Thiết kế titan
Mặt trước Ceramic Shield thế hệ mới nhất
Mặt sau bằng kính nhám",227g,163mm x 77.6mm x 8.25mm,1 Nano SIM,False,V5.3,False,Wi‑Fi 7 (802.11be),True,7,Face ID,IP68,iOS,18,7,
iPhone 16 (256GB) - Chính hãng VN/A,60Hz,Super Retina XDR,2556 x 1179,"6.1""",2000nits,8GB,256GB,"• Chống rung quang học dịch chuyển cảm biến cho video (Fusion)
• Độ thu phóng kỹ thuật số lên đến 6x
• Phóng đại âm thanh
• Flash True Tone
• Chống rung video kỹ thuật số (4K, 1080p, và 720p)
• Video tự động lấy nét liên tiếp
• Chụp ảnh tĩnh 8MP trong khi quay video 4K
• Thu phóng khi xem
• Định dạng của video được quay: HEVC và H.264
• Âm Thanh Không Gian và thu âm stereo
• Giảm tiếng gió
• Hòa Âm
• Độ phóng đại quang học 2x, độ thu nhỏ quang học 2x; phạm vi thu phóng quang học 4x
• Độ thu phóng kỹ thuật số lên đến 10x
• Điều Khiển Camera
• Lớp bảo vệ ống kính bằng sapphire
• Photonic Engine
• Deep Fusion
• HDR thông minh thế hệ 5
• Ảnh chân dung thế hệ mới với tính năng Lấy Nét và Điều Khiển Chiều Sâu
• Hiệu ứng Chiếu Sáng Chân Dung với sáu chế độ
• Chế độ Ban Đêm
• Chụp ảnh toàn cảnh Panorama (lên đến 63MP)
• Phong Cách Nhiếp Ảnh thế hệ mới nhất
• Ảnh không gian
• Chụp ảnh macro
• Chụp hình dải màu rộng cho ảnh và ảnh động Live Photos
• Hiệu chỉnh ống kính (Ultra Wide)
• Hiệu chỉnh mắt đỏ nâng cao
• Tự động chống rung hình ảnh
• Chế độ Chụp Liên Tục
• Định vị ảnh
• Định dạng của hình ảnh được chụp: HEIF và JPEG",,"• Sạc không dây MagSafe lên đến 25W với bộ tiếp hợp 30W trở lên
• Sạc không dây Qi2 lên đến 15W
• Sạc không dây Qi lên đến 7,5W1
• Khả năng sạc nhanh:
• Sạc lên đến 50% trong khoảng 30 phút với bộ tiếp hợp 20W trở lên sử dụng cáp sạc USB‑C, hoặc với bộ tiếp hợp 30W trở lên sử dụng Bộ Sạc MagSafe (tất cả được bán riêng)",True,Apple A18,"Thiết kế nhôm
Mặt trước Ceramic Shield thế hệ mới nhất
Mặt sau bằng kính pha màu",170g,147.6mm x 71.6mm x 7.80mm,1 Nano sim,False,V5.3,False,Wi‑Fi 7 (802.11be),True,8,Face ID,IP68,iOS,18,8,
iPhone 16 Pro (256GB) - Chính hãng VN/A,10-120Hz,Super Retina XDR,2622 x 1206,"6.3""",2000nits,8GB,256GB,"• Độ phóng đại quang học 5x, độ thu nhỏ quang học 2x; phạm vi thu phóng quang học 10x
• Độ thu phóng kỹ thuật số lên đến 25x
• Điều Khiển Camera
• Ống kính mặc định có thể tùy chỉnh (Fusion)
• Lớp bảo vệ ống kính bằng sapphire
• Flash True Tone Thích Ứng
• Photonic Engine
• Deep Fusion
• HDR thông minh thế hệ 5
• Ảnh chân dung thế hệ mới với tính năng Lấy Nét và Điều Khiển Chiều Sâu
• Hiệu ứng Chiếu Sáng Chân Dung với sáu chế độ
• Chế độ Ban Đêm
• LiDAR Scanner hỗ trợ chụp ảnh chân dung ở chế độ ban đêm
• Chụp ảnh toàn cảnh Panorama (lên đến 63MP)
• Phong Cách Nhiếp Ảnh thế hệ mới nhất
• Ảnh không gian
• Chụp ảnh macro 48MP (Ultra Wide)
• Apple ProRAW
• Chụp hình dải màu rộng cho ảnh và ảnh động Live Photos
• Hiệu chỉnh ống kính (Ultra Wide)
• Hiệu chỉnh mắt đỏ nâng cao
• Tự động chống rung hình ảnh
• Chế độ Chụp Liên Tục
• Định vị ảnh
• Định dạng của hình ảnh được chụp: HEIF, JPEG, và DNG",,"• Sạc không dây MagSafe lên đến 25W với bộ tiếp hợp 30W trở lên
• Sạc không dây Qi2 lên đến 15W
• Sạc không dây Qi lên đến 7,5W
• Khả năng sạc nhanh: Sạc lên đến 50% trong khoảng 30 phút13 với bộ tiếp hợp 20W trở lên sử dụng cáp sạc USB‑C, hoặc với bộ tiếp hợp 30W trở lên sử dụng Bộ Sạc MagSafe (tất cả được bán riêng)",True,Apple A18 Pro,"Thiết kế titan
Mặt trước Ceramic Shield thế hệ mới nhất
Mặt sau bằng kính nhám",199g,149.6mm x 71.5mm x 8.25mm,1 Nano SIM,False,V5.3,False,Wi‑Fi 7 (802.11be),True,9,Face ID,IP68,iOS,18,9,
iPhone 16 Plus (256GB) - Chính hãng VN/A,60Hz,Super Retina XDR,2796 x 1290,"6.7""",2000nits,8GB,128GB,"• Chống rung quang học dịch chuyển cảm biến cho video (Fusion)
• Độ thu phóng kỹ thuật số lên đến 6x
• Phóng đại âm thanh
• Flash True Tone
• Chống rung video kỹ thuật số (4K, 1080p, và 720p)
• Video tự động lấy nét liên tiếp
• Chụp ảnh tĩnh 8MP trong khi quay video 4K
• Thu phóng khi xem
• Định dạng của video được quay: HEVC và H.264
• Âm Thanh Không Gian và thu âm stereo
• Giảm tiếng gió
• Hòa Âm
• Độ phóng đại quang học 2x, độ thu nhỏ quang học 2x; phạm vi thu phóng quang học 4x
• Độ thu phóng kỹ thuật số lên đến 10x
• Điều Khiển Camera
• Lớp bảo vệ ống kính bằng sapphire
• Photonic Engine
• Deep Fusion
• HDR thông minh thế hệ 5
• Ảnh chân dung thế hệ mới với tính năng Lấy Nét và Điều Khiển Chiều Sâu
• Hiệu ứng Chiếu Sáng Chân Dung với sáu chế độ
• Chế độ Ban Đêm
• Chụp ảnh toàn cảnh Panorama (lên đến 63MP)
• Phong Cách Nhiếp Ảnh thế hệ mới nhất
• Ảnh không gian
• Chụp ảnh macro
• Chụp hình dải màu rộng cho ảnh và ảnh động Live Photos
• Hiệu chỉnh ống kính (Ultra Wide)
• Hiệu chỉnh mắt đỏ nâng cao
• Tự động chống rung hình ảnh
• Chế độ Chụp Liên Tục
• Định vị ảnh
• Định dạng của hình ảnh được chụp: HEIF và JPEG",,"• Sạc không dây MagSafe lên đến 25W với bộ tiếp hợp 30W trở lên
• Sạc không dây Qi2 lên đến 15W
• Sạc không dây Qi lên đến 7,5W1
• Khả năng sạc nhanh:
• Sạc lên đến 50% trong khoảng 30 phút với bộ tiếp hợp 20W trở lên sử dụng cáp sạc USB‑C, hoặc với bộ tiếp hợp 30W trở lên sử dụng Bộ Sạc MagSafe (tất cả được bán riêng)",True,Apple A18,"Thiết kế nhôm
Mặt trước Ceramic Shield thế hệ mới nhất
Mặt sau bằng kính pha màu",199g,160.9mm x 77.8mm x 7.80mm,1 Nano sim,False,V5.3,False,Wi‑Fi 7 (802.11be),True,10,Face ID,IP68,iOS,18,10,
iPhone 16 Pro (512GB) - Chính hãng VN/A,10-120Hz,Super Retina XDR,2622 x 1206,"6.3""",2000nits,8GB,256GB,"• Độ phóng đại quang học 5x, độ thu nhỏ quang học 2x; phạm vi thu phóng quang học 10x
• Độ thu phóng kỹ thuật số lên đến 25x
• Điều Khiển Camera
• Ống kính mặc định có thể tùy chỉnh (Fusion)
• Lớp bảo vệ ống kính bằng sapphire
• Flash True Tone Thích Ứng
• Photonic Engine
• Deep Fusion
• HDR thông minh thế hệ 5
• Ảnh chân dung thế hệ mới với tính năng Lấy Nét và Điều Khiển Chiều Sâu
• Hiệu ứng Chiếu Sáng Chân Dung với sáu chế độ
• Chế độ Ban Đêm
• LiDAR Scanner hỗ trợ chụp ảnh chân dung ở chế độ ban đêm
• Chụp ảnh toàn cảnh Panorama (lên đến 63MP)
• Phong Cách Nhiếp Ảnh thế hệ mới nhất
• Ảnh không gian
• Chụp ảnh macro 48MP (Ultra Wide)
• Apple ProRAW
• Chụp hình dải màu rộng cho ảnh và ảnh động Live Photos
• Hiệu chỉnh ống kính (Ultra Wide)
• Hiệu chỉnh mắt đỏ nâng cao
• Tự động chống rung hình ảnh
• Chế độ Chụp Liên Tục
• Định vị ảnh
• Định dạng của hình ảnh được chụp: HEIF, JPEG, và DNG",,"• Sạc không dây MagSafe lên đến 25W với bộ tiếp hợp 30W trở lên
• Sạc không dây Qi2 lên đến 15W
• Sạc không dây Qi lên đến 7,5W
• Khả năng sạc nhanh: Sạc lên đến 50% trong khoảng 30 phút13 với bộ tiếp hợp 20W trở lên sử dụng cáp sạc USB‑C, hoặc với bộ tiếp hợp 30W trở lên sử dụng Bộ Sạc MagSafe (tất cả được bán riêng)",True,Apple A18 Pro,"Thiết kế titan
Mặt trước Ceramic Shield thế hệ mới nhất
Mặt sau bằng kính nhám",199g,149.6mm x 71.5mm x 8.25mm,1 Nano SIM,False,V5.3,False,Wi‑Fi 7 (802.11be),True,11,Face ID,IP68,iOS,18,11,
iPhone 16 Plus (512GB) - Chính hãng VN/A,60Hz,Super Retina XDR,2796 x 1290,"6.7""",2000nits,8GB,,"• Chống rung quang học dịch chuyển cảm biến cho video (Fusion)
• Độ thu phóng kỹ thuật số lên đến 6x
• Phóng đại âm thanh
• Flash True Tone
• Chống rung video kỹ thuật số (4K, 1080p, và 720p)
• Video tự động lấy nét liên tiếp
• Chụp ảnh tĩnh 8MP trong khi quay video 4K
• Thu phóng khi xem
• Định dạng của video được quay: HEVC và H.264
• Âm Thanh Không Gian và thu âm stereo
• Giảm tiếng gió
• Hòa Âm
• Độ phóng đại quang học 2x, độ thu nhỏ quang học 2x; phạm vi thu phóng quang học 4x
• Độ thu phóng kỹ thuật số lên đến 10x
• Điều Khiển Camera
• Lớp bảo vệ ống kính bằng sapphire
• Photonic Engine
• Deep Fusion
• HDR thông minh thế hệ 5
• Ảnh chân dung thế hệ mới với tính năng Lấy Nét và Điều Khiển Chiều Sâu
• Hiệu ứng Chiếu Sáng Chân Dung với sáu chế độ
• Chế độ Ban Đêm
• Chụp ảnh toàn cảnh Panorama (lên đến 63MP)
• Phong Cách Nhiếp Ảnh thế hệ mới nhất
• Ảnh không gian
• Chụp ảnh macro
• Chụp hình dải màu rộng cho ảnh và ảnh động Live Photos
• Hiệu chỉnh ống kính (Ultra Wide)
• Hiệu chỉnh mắt đỏ nâng cao
• Tự động chống rung hình ảnh
• Chế độ Chụp Liên Tục
• Định vị ảnh
• Định dạng của hình ảnh được chụp: HEIF và JPEG",,"• Sạc không dây MagSafe lên đến 25W với bộ tiếp hợp 30W trở lên
• Sạc không dây Qi2 lên đến 15W
• Sạc không dây Qi lên đến 7,5W1
• Khả năng sạc nhanh:
• Sạc lên đến 50% trong khoảng 30 phút với bộ tiếp hợp 20W trở lên sử dụng cáp sạc USB‑C, hoặc với bộ tiếp hợp 30W trở lên sử dụng Bộ Sạc MagSafe (tất cả được bán riêng)",False,,"Thiết kế nhôm
Mặt trước Ceramic Shield thế hệ mới nhất
Mặt sau bằng kính pha màu",199g,160.9mm x 77.8mm x 7.80mm,1 Nano SIM,False,V5.3,False,Wi‑Fi 7 (802.11be),True,12,Face ID,IP68,iOS,18,12,
iPhone 16 Pro Max (1TB) - Chính hãng VN/A,10-120Hz,Super Retina XDR,2868 x 1320,"6.9""",2000nits,8GB,1TB,"• Độ phóng đại quang học 5x, độ thu nhỏ quang học 2x; phạm vi thu phóng quang học 10x
• Độ thu phóng kỹ thuật số lên đến 25x
• Điều Khiển Camera
• Ống kính mặc định có thể tùy chỉnh (Fusion)
• Lớp bảo vệ ống kính bằng sapphire
• Flash True Tone Thích Ứng
• Photonic Engine
• Deep Fusion
• HDR thông minh thế hệ 5
• Ảnh chân dung thế hệ mới với tính năng Lấy Nét và Điều Khiển Chiều Sâu
• Hiệu ứng Chiếu Sáng Chân Dung với sáu chế độ
• Chế độ Ban Đêm
• LiDAR Scanner hỗ trợ chụp ảnh chân dung ở chế độ ban đêm
• Chụp ảnh toàn cảnh Panorama (lên đến 63MP)
• Phong Cách Nhiếp Ảnh thế hệ mới nhất
• Ảnh không gian
• Chụp ảnh macro 48MP (Ultra Wide)
• Apple ProRAW
• Chụp hình dải màu rộng cho ảnh và ảnh động Live Photos
• Hiệu chỉnh ống kính (Ultra Wide)
• Hiệu chỉnh mắt đỏ nâng cao
• Tự động chống rung hình ảnh
• Chế độ Chụp Liên Tục
• Định vị ảnh
• Định dạng của hình ảnh được chụp: HEIF, JPEG, và DNG",,"• Sạc không dây MagSafe lên đến 25W với bộ tiếp hợp 30W trở lên
• Sạc không dây Qi2 lên đến 15W
• Sạc không dây Qi lên đến 7,5W
• Khả năng sạc nhanh: Sạc lên đến 50% trong khoảng 30 phút13 với bộ tiếp hợp 20W trở lên sử dụng cáp sạc USB‑C, hoặc với bộ tiếp hợp 30W trở lên sử dụng Bộ Sạc MagSafe (tất cả được bán riêng)",True,Apple A18 Pro,"Thiết kế titan
Mặt trước Ceramic Shield thế hệ mới nhất
Mặt sau bằng kính nhám",227g,163mm x 77.6mm x 8.25mm,1 Nano SIM,False,V5.3,False,Wi‑Fi 7 (802.11be),True,13,Face ID,IP68,iOS,18,13,
iPhone 16 (512GB) - Chính hãng VN/A,60Hz,Super Retina XDR,2556 x 1179,"6.1""",2000nits,8GB,256GB,"• Chống rung quang học dịch chuyển cảm biến cho video (Fusion)
• Độ thu phóng kỹ thuật số lên đến 6x
• Phóng đại âm thanh
• Flash True Tone
• Chống rung video kỹ thuật số (4K, 1080p, và 720p)
• Video tự động lấy nét liên tiếp
• Chụp ảnh tĩnh 8MP trong khi quay video 4K
• Thu phóng khi xem
• Định dạng của video được quay: HEVC và H.264
• Âm Thanh Không Gian và thu âm stereo
• Giảm tiếng gió
• Hòa Âm
• Độ phóng đại quang học 2x, độ thu nhỏ quang học 2x; phạm vi thu phóng quang học 4x
• Độ thu phóng kỹ thuật số lên đến 10x
• Điều Khiển Camera
• Lớp bảo vệ ống kính bằng sapphire
• Photonic Engine
• Deep Fusion
• HDR thông minh thế hệ 5
• Ảnh chân dung thế hệ mới với tính năng Lấy Nét và Điều Khiển Chiều Sâu
• Hiệu ứng Chiếu Sáng Chân Dung với sáu chế độ
• Chế độ Ban Đêm
• Chụp ảnh toàn cảnh Panorama (lên đến 63MP)
• Phong Cách Nhiếp Ảnh thế hệ mới nhất
• Ảnh không gian
• Chụp ảnh macro
• Chụp hình dải màu rộng cho ảnh và ảnh động Live Photos
• Hiệu chỉnh ống kính (Ultra Wide)
• Hiệu chỉnh mắt đỏ nâng cao
• Tự động chống rung hình ảnh
• Chế độ Chụp Liên Tục
• Định vị ảnh
• Định dạng của hình ảnh được chụp: HEIF và JPEG",,"• Sạc không dây MagSafe lên đến 25W với bộ tiếp hợp 30W trở lên
• Sạc không dây Qi2 lên đến 15W
• Sạc không dây Qi lên đến 7,5W1
• Khả năng sạc nhanh:
• Sạc lên đến 50% trong khoảng 30 phút với bộ tiếp hợp 20W trở lên sử dụng cáp sạc USB‑C, hoặc với bộ tiếp hợp 30W trở lên sử dụng Bộ Sạc MagSafe (tất cả được bán riêng)",True,Apple A18,"Thiết kế nhôm
Mặt trước Ceramic Shield thế hệ mới nhất
Mặt sau bằng kính pha màu",170g,147.6mm x 71.6mm x 7.80mm,1 Nano sim,False,V5.3,False,Wi‑Fi 7 (802.11be),True,14,Face ID,IP68,iOS,18,14,
iPhone 16 Pro (1TB) - Chính hãng VN/A,10-120Hz,Super Retina XDR,2622 x 1206,"6.3""",2000nits,8GB,1TB,"• Độ phóng đại quang học 5x, độ thu nhỏ quang học 2x; phạm vi thu phóng quang học 10x
• Độ thu phóng kỹ thuật số lên đến 25x
• Điều Khiển Camera
• Ống kính mặc định có thể tùy chỉnh (Fusion)
• Lớp bảo vệ ống kính bằng sapphire
• Flash True Tone Thích Ứng
• Photonic Engine
• Deep Fusion
• HDR thông minh thế hệ 5
• Ảnh chân dung thế hệ mới với tính năng Lấy Nét và Điều Khiển Chiều Sâu
• Hiệu ứng Chiếu Sáng Chân Dung với sáu chế độ
• Chế độ Ban Đêm
• LiDAR Scanner hỗ trợ chụp ảnh chân dung ở chế độ ban đêm
• Chụp ảnh toàn cảnh Panorama (lên đến 63MP)
• Phong Cách Nhiếp Ảnh thế hệ mới nhất
• Ảnh không gian
• Chụp ảnh macro 48MP (Ultra Wide)
• Apple ProRAW
• Chụp hình dải màu rộng cho ảnh và ảnh động Live Photos
• Hiệu chỉnh ống kính (Ultra Wide)
• Hiệu chỉnh mắt đỏ nâng cao
• Tự động chống rung hình ảnh
• Chế độ Chụp Liên Tục
• Định vị ảnh
• Định dạng của hình ảnh được chụp: HEIF, JPEG, và DNG",,"• Sạc không dây MagSafe lên đến 25W với bộ tiếp hợp 30W trở lên
• Sạc không dây Qi2 lên đến 15W
• Sạc không dây Qi lên đến 7,5W
• Khả năng sạc nhanh: Sạc lên đến 50% trong khoảng 30 phút13 với bộ tiếp hợp 20W trở lên sử dụng cáp sạc USB‑C, hoặc với bộ tiếp hợp 30W trở lên sử dụng Bộ Sạc MagSafe (tất cả được bán riêng)",True,Apple A18 Pro,"Thiết kế titan
Mặt trước Ceramic Shield thế hệ mới nhất
Mặt sau bằng kính nhám",199g,149.6mm x 71.5mm x 8.25mm,1 Nano SIM,False,V5.3,False,Wi‑Fi 7 (802.11be),True,15,Face ID,IP68,iOS,18,15,
Điện thoại iPhone 15 Pro Max (256GB) - Chính hãng VN/A,120Hz,Super Retina XDR,2796 x 1290,"6.7""",2000nits,8GB,256GB,"Chống rung quang học dịch chuyển cảm biến thế hệ thứ hai
Các lựa chọn thu phóng quang học 0,5x, 1x, 2x, 5x
Photonic Engine
Deep Fusion
HDR thông minh thế hệ 5 cho ảnh
Ảnh chân dung thế hệ mới với Focus và Depth Control
Hiệu ứng Chiếu Sáng Chân Dung với sáu chế độ
Chế độ Ban Đêm
Chụp ảnh chân dung ở chế độ Ban Đêm
Phong Cách Nhiếp Ảnh
Chụp ảnh macro
Apple ProRAW",4422mAh,,False,Apple A17 Pro,Khung viền Titan với mặt sau bằng kính nhám,221g,159.9mm x 76.7mm x 8.25mm,"SIM kép (nano SIM và eSIM)
Hỗ trợ hai eSIM",False,V5.3,False,Wi‑Fi 6E (802.11ax),True,16,Face ID,IP68,iOS,17,16,
Điện thoại iPhone 15 Pro Max (512GB) - Chính hãng VN/A,120Hz,Super Retina XDR,2796 x 1290,"6.7""",2000nits,8GB,512GB,"Chống rung quang học dịch chuyển cảm biến thế hệ thứ hai
Các lựa chọn thu phóng quang học 0,5x, 1x, 2x, 5x
Photonic Engine
Deep Fusion
HDR thông minh thế hệ 5 cho ảnh
Ảnh chân dung thế hệ mới với Focus và Depth Control
Hiệu ứng Chiếu Sáng Chân Dung với sáu chế độ
Chế độ Ban Đêm
Chụp ảnh chân dung ở chế độ Ban Đêm
Phong Cách Nhiếp Ảnh
Chụp ảnh macro
Apple ProRAW",4422mAh,,False,Apple A17 Pro,Khung viền Titan với mặt sau bằng kính nhám,221g,159.9mm x 76.7mm x 8.25mm,"SIM kép (nano SIM và eSIM)
Hỗ trợ hai eSIM",False,V5.3,False,Wi‑Fi 6E (802.11ax),True,17,Face ID,IP68,iOS,17,17,
Điện thoại iPhone 15 Pro Max (1TB) - Chính hãng VN/A,120Hz,Super Retina XDR,2796 x 1290,"6.7""",2000nits,8GB,1TB,"Chống rung quang học dịch chuyển cảm biến thế hệ thứ hai
Các lựa chọn thu phóng quang học 0,5x, 1x, 2x, 5x
Photonic Engine
Deep Fusion
HDR thông minh thế hệ 5 cho ảnh
Ảnh chân dung thế hệ mới với Focus và Depth Control
Hiệu ứng Chiếu Sáng Chân Dung với sáu chế độ
Chế độ Ban Đêm
Chụp ảnh chân dung ở chế độ Ban Đêm
Phong Cách Nhiếp Ảnh
Chụp ảnh macro
Apple ProRAW",4422mAh,,False,Apple A17 Pro,Khung viền Titan với mặt sau bằng kính nhám,221g,159.9mm x 76.7mm x 8.25mm,"SIM kép (nano SIM và eSIM)
Hỗ trợ hai eSIM",False,V5.3,False,Wi‑Fi 6E (802.11ax),True,18,Face ID,IP68,iOS,17,18,
Điện thoại iPhone 15 Pro (128GB) - Chính hãng VN/A,120Hz,Super Retina XDR,2556 x 1179,"6.1""",2000nits,8GB,128GB,"Chống rung quang học dịch chuyển cảm biến thế hệ thứ hai
Các lựa chọn thu phóng quang học 0,5x, 1x, 2x, 3x
Photonic Engine
Deep Fusion
HDR thông minh thế hệ 5 cho ảnh
Ảnh chân dung thế hệ mới với Focus và Depth Control
Hiệu ứng Chiếu Sáng Chân Dung với sáu chế độ
Chế độ Ban Đêm
Chụp ảnh chân dung ở chế độ Ban Đêm
Phong Cách Nhiếp Ảnh
Chụp ảnh macro
Apple ProRAW",3274mAh,,False,Apple A17 Pro,Khung viền Titan với mặt sau bằng kính nhám,187g,146.6mm x 70.6mm x 8.25mm,"SIM kép (nano SIM và eSIM)
Hỗ trợ hai eSIM",False,V5.3,False,Wi‑Fi 6E (802.11ax),True,19,Face ID,IP68,iOS,17,19,
Điện thoại iPhone 15 Pro (1TB) - Chính hãng VN/A,120Hz,Super Retina XDR,2556 x 1179,"6.1""",2000nits,8GB,1TB,"Chống rung quang học dịch chuyển cảm biến thế hệ thứ hai
Các lựa chọn thu phóng quang học 0,5x, 1x, 2x, 3x
Photonic Engine
Deep Fusion
HDR thông minh thế hệ 5 cho ảnh
Ảnh chân dung thế hệ mới với Focus và Depth Control
Hiệu ứng Chiếu Sáng Chân Dung với sáu chế độ
Chế độ Ban Đêm
Chụp ảnh chân dung ở chế độ Ban Đêm
Phong Cách Nhiếp Ảnh
Chụp ảnh macro
Apple ProRAW",3274mAh,,False,Apple A17 Pro,Khung viền Titan với mặt sau bằng kính nhám,187g,146.6mm x 70.6mm x 8.25mm,"SIM kép (nano SIM và eSIM)
Hỗ trợ hai eSIM",False,V5.3,False,Wi‑Fi 6E (802.11ax),True,20,Face ID,IP68,iOS,17,20,
Điện thoại iPhone 15 Plus (256GB) - Chính hãng VN/A,60Hz,Super Retina XDR,2796 x 1290,"6.7""",2000nits,6GB,256GB,"Chống rung quang học dịch chuyển cảm biến
Các lựa chọn thu phóng quang học 0,5x, 1x, 2x
Photonic Engine
Deep Fusion
HDR thông minh thế hệ 5 cho ảnh
Ảnh chân dung thế hệ mới với Focus và Depth Control
Hiệu ứng Chiếu Sáng Chân Dung với sáu chế độ
Chế độ Ban Đêm
Phong Cách Nhiếp Ảnh",4383mAh,,False,Apple A16 Bionic,Khung viền nhôm với mặt sau bằng kính nhám,201g,160.9mm x 77.8mm x 7.80mm,"SIM kép (nano-SIM và eSIM)
Hỗ trợ hai eSIM",False,V5.3,False,Wi‑Fi 6 (802.11ax),True,21,Face ID,IP68,iOS,17,21,
Điện thoại iPhone 15 Plus (512GB) - Chính hãng VN/A,60Hz,Super Retina XDR,2796 x 1290,"6.7""",2000nits,6GB,512GB,"Chống rung quang học dịch chuyển cảm biến
Các lựa chọn thu phóng quang học 0,5x, 1x, 2x
Photonic Engine
Deep Fusion
HDR thông minh thế hệ 5 cho ảnh
Ảnh chân dung thế hệ mới với Focus và Depth Control
Hiệu ứng Chiếu Sáng Chân Dung với sáu chế độ
Chế độ Ban Đêm
Phong Cách Nhiếp Ảnh",4383mAh,,False,Apple A16 Bionic,Khung viền nhôm với mặt sau bằng kính nhám,201g,160.9mm x 77.8mm x 7.80mm,"SIM kép (nano-SIM và eSIM)
Hỗ trợ hai eSIM",False,V5.3,False,Wi‑Fi 6 (802.11ax),True,22,Face ID,IP68,iOS,17,22,
Điện thoại iPhone 15 Plus (128GB) - Chính hãng VN/A,60Hz,Super Retina XDR,2796 x 1290,"6.7""",2000nits,6GB,128GB,"Chống rung quang học dịch chuyển cảm biến
Các lựa chọn thu phóng quang học 0,5x, 1x, 2x
Photonic Engine
Deep Fusion
HDR thông minh thế hệ 5 cho ảnh
Ảnh chân dung thế hệ mới với Focus và Depth Control
Hiệu ứng Chiếu Sáng Chân Dung với sáu chế độ
Chế độ Ban Đêm
Phong Cách Nhiếp Ảnh",4383mAh,,False,Apple A16 Bionic,Khung viền nhôm với mặt sau bằng kính nhám,201g,160.9mm x 77.8mm x 7.80mm,"SIM kép (nano-SIM và eSIM)
Hỗ trợ hai eSIM",False,V5.3,False,Wi‑Fi 6 (802.11ax),True,23,Face ID,IP68,iOS,17,23,
Điện thoại iPhone 15 (128GB) - Chính hãng VN/A,60Hz,Super Retina XDR,2556 x 1179,"6.1""",2000nits,6GB,128GB,"Chống rung quang học dịch chuyển cảm biến
Các lựa chọn thu phóng quang học 0,5x, 1x, 2x
Photonic Engine
Deep Fusion
HDR thông minh thế hệ 5 cho ảnh
Ảnh chân dung thế hệ mới với Focus và Depth Control
Hiệu ứng Chiếu Sáng Chân Dung với sáu chế độ
Chế độ Ban Đêm
Phong Cách Nhiếp Ảnh",3349mAh,,False,Apple A16 Bionic,Khung viền nhôm với mặt sau bằng kính nhám,171g,147.6mm x 71.6mm x 7.80mm,"SIM kép (nano-SIM và eSIM)
Hỗ trợ hai eSIM",False,V5.3,False,Wi‑Fi 6 (802.11ax),True,24,Face ID,IP68,iOS,17,24,
Điện thoại iPhone 15 (256GB) - Chính hãng VN/A,60Hz,Super Retina XDR,2556 x 1179,"6.1""",2000nits,6GB,256GB,"Chống rung quang học dịch chuyển cảm biến
Các lựa chọn thu phóng quang học 0,5x, 1x, 2x
Photonic Engine
Deep Fusion
HDR thông minh thế hệ 5 cho ảnh
Ảnh chân dung thế hệ mới với Focus và Depth Control
Hiệu ứng Chiếu Sáng Chân Dung với sáu chế độ
Chế độ Ban Đêm
Phong Cách Nhiếp Ảnh",3349mAh,,False,Apple A16 Bionic,Khung viền nhôm với mặt sau bằng kính nhám,171g,147.6mm x 71.6mm x 7.80mm,"SIM kép (nano-SIM và eSIM)
Hỗ trợ hai eSIM",False,V5.3,False,Wi‑Fi 6 (802.11ax),True,25,Face ID,IP68,iOS,17,25,
Điện thoại iPhone 15 (512GB) - Chính hãng VN/A,60Hz,Super Retina XDR,2556 x 1179,"6.1""",2000nits,6GB,512GB,"Chống rung quang học dịch chuyển cảm biến
Các lựa chọn thu phóng quang học 0,5x, 1x, 2x
Photonic Engine
Deep Fusion
HDR thông minh thế hệ 5 cho ảnh
Ảnh chân dung thế hệ mới với Focus và Depth Control
Hiệu ứng Chiếu Sáng Chân Dung với sáu chế độ
Chế độ Ban Đêm
Phong Cách Nhiếp Ảnh",3349mAh,,False,Apple A16 Bionic,Khung viền nhôm với mặt sau bằng kính nhám,171g,147.6mm x 71.6mm x 7.80mm,"SIM kép (nano-SIM và eSIM)
Hỗ trợ hai eSIM",False,V5.3,False,Wi‑Fi 6 (802.11ax),True,26,Face ID,IP68,iOS,17,26,
Điện thoại iPhone 11 (128GB) - Chính hãng VN/A,60Hz,IPS LCD,1792 x 828,"6.1""",625nits,4GB,128GB,"Ban đêm (Night Mode)
Chạm lấy nét
Góc rộng (Wide)
Góc siêu rộng (Ultrawide)
HDR
Nhận diện khuôn mặt
Quay chậm (Slow Motion)
Toàn cảnh (Panorama)
Trôi nhanh thời gian (Time Lapse)
Tự động lấy nét (AF)
Xóa phông
Zoom quang học",3110mAh,,False,Apple A13 Bionic,Khung nhôm & Mặt lưng kính cường lực,194 g,150.9mm x 75.7mm x 8.3mm,1 Nano SIM & 1 eSIM,False,V5.0,False,Wi-Fi 802.11 a/b/g/n/ac/ax,True,27,Mở khoá khuôn mặt Face ID,IP68,iOS,15,27,
Điện thoại iPhone 14 (128GB) - Chính hãng VN/A,60Hz,Super Retina XDR,2532 x 1170,"6.1""",1200nits,6GB,128GB,"Nắp ống kính tinh thể sapphire
Photogenic Engine
Deep Fusion
HDR thông minh 4
Chế độ chân dung với hiệu ứng bokeh nâng cao và Kiểm soát độ sâu
Portrait Lighting với sáu hiệu ứng (Tự nhiên, Studio, Đường viền, Sân khấu, Sân khấu Mono, High Key Mono)
Chế độ ban đêm
Toàn cảnh (lên đến 63MP)
Chụp ảnh phong cách
Chụp màu rộng cho ảnh và Ảnh trực tiếp
Hiệu chỉnh ống kính (Siêu rộng)
Chỉnh sửa mắt đỏ nâng cao
Ổn định hình ảnh tự động
Chế độ chụp
Gắn thẻ địa lý cho ảnh",3279mAh,Lithium-ion,False,Apple A15 Bionic,Vỏ nhôm và mặt lưng kính,172g,146.7mm x 71.5mm x 7.80mm,"1 eSIM, 1 SIM vật lý",False,V5.3,False,Wi ‑ Fi 6 (802.11ax),True,28,Mở khoá khuôn mặt Face ID,IP68,iOS,16,28,
Điện thoại iPhone 14 Plus (128GB) - Chính hãng VN/A,60Hz,Super Retina XDR,2778 x 1284,"6.7""",1200nits,6GB,128GB,"Ban đêm (Night Mode)
Trôi nhanh thời gian (Time Lapse)
Quay chậm (Slow Motion)
Xóa phông
Zoom quang học
Toàn cảnh (Panorama)
Chống rung quang học (OIS)
Smart HDR 4
Live Photo
Bộ lọc màu
Cinematic
Zoom kỹ thuật số
Góc rộng (Wide)
Góc siêu rộng (Ultrawide)
Chế độ hành động (Action Mode)
Deep Fusion",4325mAh,,False,Apple A15,Khung nhôm & Mặt lưng kính cường lực,203g,160.8mm x 78.1mm x 7.8mm,1 Nano SIM & 1 eSIM,False,V5.3,False,Wi-Fi 802.11 a/b/g/n/ac/ax,True,29,Mở khoá khuôn mặt Face ID,IP68,iOS,16,29,
Điện thoại iPhone 13 (256GB) - Chính hãng VN/A,60Hz,OLED,2532 x 1170,"6.1""",1200nits,4GB,256GB,"Ban đêm (Night Mode)
Trôi nhanh thời gian (Time Lapse)
Quay chậm (Slow Motion)
Xóa phông
Zoom quang học
Chạm lấy nét
Toàn cảnh (Panorama)
Chống rung quang học (OIS)
Tự động lấy nét (AF)
Nhận diện khuôn mặt
HDR
Dolby Vision HDR
Zoom kỹ thuật số
Góc rộng (Wide)
Góc siêu rộng (Ultrawide)",3240mAh,"Sạc nhanh 20W
Sạc không dây
Sạc ngược không dây 15W
Sạc pin nhanh
Tiết kiệm pin",True,Apple A15,Khung nhôm & Mặt lưng kính cường lực,173g,146.7mm x 71.5mm x 7.65mm,1 Nano SIM & 1 eSIM,False,V5.0,False,Wi-Fi 802.11 a/b/g/n/ac/ax,True,30,Mở khoá khuôn mặt Face ID,IP68,iOS,15,30,
Samsung Galaxy Z Fold6 12GB/512GB,1-120Hz,Dynamic AMOLED 2X,"MH chính: 2160 x 1856
MH phụ: 2376 x 968","MH chính: 7.6""
MH phụ: 6.3""",2600nits,12GB,512GB,"AI Camera với công nghệ ProVisual Engine (AI Zoom, Chụp chân dung AI)
Tính năng chụp đêm Nightography
Zoom quang học 3x
Zoom kỹ thuật số 30x",4900mAh,"Super Fast Charging 2.0
Fast Wireless Charging 2.0
Wireless PowerShare",False,Snapdragon 8 Gen 3,Armor Aluminum,190g,158.4mm x 75.8mm x 7.3mm,Dual Nano-sim/ hoặc 01 Nano-sim + 01 E-sim,False,V5.3,False,802.11a/b/g/n/ac/ax,True,31,Vân tay dưới màn hình,IP68,Android,14,31,
Điện thoại Samsung Galaxy S25 Ultra - 12GB/256GB (BHĐT),,,,,,,,,5000mAh,"Super Fast Charging 2.0
Fast Wireless Charging 2.0
Wireless PowerShare",False,,Titanium,218g,162.8mm x 77.6mm x 8.2mm,,,,,,,32,Vân tay dưới màn hình,IP68,,,32,
Samsung Galaxy Z Fold6 12GB/1TB,1-120Hz,Dynamic AMOLED 2X,"MH chính: 2160 x 1856
MH phụ: 2376 x 968","MH chính: 7.6""
MH phụ: 6.3""",2600nits,12GB,1TB,"AI Camera với công nghệ ProVisual Engine (AI Zoom, Chụp chân dung AI)
Tính năng chụp đêm Nightography
Zoom quang học 3x
Zoom kỹ thuật số 30x",4400mAh,,False,Snapdragon 8 Gen 3,Titanium,218g,162.8mm x 77.6mm x 8.2mm,Dual Nano-sim/ hoặc 01 Nano-sim + 01 E-sim,False,V5.3,False,802.11a/b/g/n/ac/ax,True,33,"Mở khoá vân tay cạnh viền
Mở khoá khuôn mặt",IPX8,Android,14,33,
Điện thoại Samsung Galaxy S25 - 12GB/256GB,1-120Hz,Dynamic AMOLED 2X,2340x1080,"6.2""",2600nits,12GB,256GB,"Quay Log Video
Chụp hình Super HDR
Chế độ quay phim 10-bit HDR
Chân dung
Tự động lấy nét
Quay Video đêm",4400mAh,"Sạc không dây
Sạc pin nhanh
Tiết kiệm pin",True,Snapdragon 8 Elite dành cho Galaxy (3nm),Titanium,218g,162.8mm x 77.6mm x 8.2mm,2 nano SIM + Esim,False,Có,False,Có,False,34,"Mở khoá vân tay cạnh viền
Mở khoá khuôn mặt",IPX8,Android,"15, One UI 7",34,
Điện thoại Samsung Galaxy S25 - 12GB/512GB,1-120Hz,Dynamic AMOLED 2X,2340x1080,"6.2""",2600nits,12GB,512GB,"Quay Log Video
Chụp hình Super HDR
Chế độ quay phim 10-bit HDR
Chân dung
Tự động lấy nét
Quay Video đêm",4000mAh,"Super Fast Charging
Fast Wireless Charging 2.0
Wireless PowerShare",False,Snapdragon 8 Elite dành cho Galaxy (3nm),,,,2 nano SIM + Esim,False,Có,False,Có,False,35,Vân tay dưới màn hình,IP68,Android,"15, One UI 7",35,
Điện thoại Samsung Galaxy S25 Plus - 12GB/256GB,1-120Hz,Dynamic AMOLED 2X,3120x1440,"6.7""",2600nits,12GB,256GB,"Quay Log Video
Chụp hình Super HDR
Chế độ quay phim 10-bit HDR
Chân dung
Tự động lấy nét
Quay Video đêm",4900mAh,"Super Fast Charging 2.0
Fast Wireless Charging 2.0
Wireless PowerShare",False,Snapdragon 8 Elite dành cho Galaxy (3nm),Armor Aluminum,162g,146.9mm x 70.5mm x 7.2mm,2 nano SIM + Esim,False,Có,False,Có,False,36,Vân tay dưới màn hình,IP68,Android,"15, One UI 7",36,
Điện thoại Samsung Galaxy S25 Plus - 12GB/512GB,1-120Hz,Dynamic AMOLED 2X,3120x1440,"6.7""",2600nits,12GB,256GB,"Quay Log Video
Chụp hình Super HDR
Chế độ quay phim 10-bit HDR
Chân dung
Tự động lấy nét
Quay Video đêm",,,,Snapdragon 8 Elite dành cho Galaxy (3nm),"Chất liệu khung viền: Armor aluminum
Chất liệu mặt lưng máy: Gorilla Glass Victus 2",,153.5mm x 132.6mm x 5.6mm,2 nano SIM + Esim,False,Có,False,Có,False,37,,,Android,"15, One UI 7",37,
Điện thoại Samsung Galaxy S25 Ultra - 12GB/256GB,1-120Hz,Dynamic AMOLED 2X,3120x1440,"6.9""",2600nits,12GB,256GB,"Chế độ quay phim 10-bit HDR
Quay Log Video
Zoom quang học 100x
Chụp hình Super HDR
Chân dung
Tự động lấy nét
Quay Video đêm",4000mAh,"Super Fast Charging
Fast Wireless Charging 2.0
Wireless PowerShare",False,Snapdragon 8 Elite dành cho Galaxy (3nm),"Chất liệu khung viền: Armor aluminum
Chất liệu mặt lưng máy: Gorilla Glass Victus 2",239g,153.5mm x 132.6mm x 5.6mm,2 nano SIM + Esim,False,Có,False,Có,False,38,Vân tay dưới màn hình,IP68,Android,"15, One UI 7",38,
Điện thoại Samsung Galaxy S25 Ultra - 12GB/512GB,1-120Hz,Dynamic AMOLED 2X,3120x1440,"6.9""",2600nits,12GB,1TB,"Chế độ quay phim 10-bit HDR
Quay Log Video
Zoom quang học 100x
Chụp hình Super HDR
Chân dung
Tự động lấy nét
Quay Video đêm",5000mAh,"Super Fast Charging 2.0
Fast Wireless Charging 2.0
Wireless PowerShare",False,Snapdragon 8 Elite dành cho Galaxy (3nm),Armor Aluminum,162g,146.9mm x 70.5mm x 7.2mm,2 nano SIM + Esim,False,Có,False,Có,False,39,Vân tay dưới màn hình,IP68,Android,"15, One UI 7",39,
Điện thoại Samsung Galaxy S25 Ultra - 12GB/1TB,1-120Hz,Dynamic AMOLED 2X,3120x1440,"6.9""",2600nits,12GB,512GB,"Chế độ quay phim 10-bit HDR
Quay Log Video
Zoom quang học 100x
Chụp hình Super HDR
Chân dung
Tự động lấy nét
Quay Video đêm",5000mAh,"Super Fast Charging 2.0
Fast Wireless Charging 2.0
Wireless PowerShare",False,Snapdragon 8 Elite dành cho Galaxy (3nm),Armor Aluminum,190g,158.4mm x 75.8mm x 7.3mm,2 nano SIM + Esim,False,Có,False,Có,False,40,Vân tay dưới màn hình,IP68,Android,"15, One UI 7",40,
Samsung Galaxy Z Flip6 12GB/256GB,1-120Hz,"MH chính: Dynamic AMOLED 2X
MH phụ: Super AMOLED","MH chính: 2640 x 1080
MH phụ: 748 x 720","MH chính: 6.7""
MH phụ: 3.4""",2600nits,12GB,256GB,"FlexCam Với Auto Zoom AI
Hậu Kỳ Sáng Tạo
ProVisual Engine
Super HDR / Super Night Video",4000mAh,"Sạc không dây
Sạc pin nhanh
Tiết kiệm pin",True,Snapdragon 8 Gen 3,"Chất liệu khung viền: Armor aluminum
Chất liệu mặt lưng máy: Gorilla Glass Victus 2",187g,"Khi mở: 165.1mm x 71.9mm x 6.9mm
Khi gập: 85.1mm x 71.9mm x 14.9mm","1 Nano-sim & 1 E-sim
2 E-sim",False,V5.3,False,802.11a/b/g/n/ac/ax,True,41,"Mở khoá vân tay cạnh viền
Nhận diện khuôn mặt",IPX8,Android,14,41,
Samsung Galaxy Z Flip6 12GB/512GB,1-120Hz,"MH chính: Dynamic AMOLED 2X
MH phụ: Super AMOLED","MH chính: 2640 x 1080
MH phụ: 748 x 720","MH chính: 6.7""
MH phụ: 3.4""",2600nits,12GB,512GB,"FlexCam Với Auto Zoom AI
Hậu Kỳ Sáng Tạo
ProVisual Engine
Super HDR / Super Night Video",4000mAh,"Sạc không dây
Sạc pin nhanh
Tiết kiệm pin",True,Snapdragon 8 Gen 3,"Chất liệu khung viền: Armor aluminum
Chất liệu mặt lưng máy: Gorilla Glass Victus 2",187g,"Khi mở: 165.1mm x 71.9mm x 6.9mm
Khi gập: 85.1mm x 71.9mm x 14.9mm","1 Nano-sim & 1 E-sim
2 E-sim",False,V5.3,False,802.11a/b/g/n/ac/ax,True,42,"Mở khoá vân tay cạnh viền
Nhận diện khuôn mặt",IPX8,Android,14,42,
Samsung Galaxy A56 5G - 8GB/128GB,120Hz,Super AMOLED Plus,1080 x 2400,"6.7""",850 nits,8 GB,256 GB,"Zoom kỹ thuật số
Xóa phông
Tự động lấy nét (AF)
Trôi nhanh thời gian (Time Lapse)
Toàn cảnh (Panorama)
Siêu cận (Macro)
Quay Siêu chậm (Super Slow Motion)
Quay chậm (Slow Motion)
Hiệu ứng Bokeh
Góc siêu rộng (Ultrawide)
Góc rộng (Wide)
Chống rung quang học (OIS)
Chuyên nghiệp (Pro)
Ban đêm (Night Mode)",,,,Exynos 1380 8 nhân,Khung & Mặt lưng nhựa,199 g,164.9 mm x 77.3 mm x 8.4 mm,2 Nano SIM (SIM 2 chung khe thẻ nhớ),False,v5.3,False,Wi-Fi 6,False,43,,,Android,13,43,
Samsung Galaxy A36 5G - 8GB/128GB,60Hz,PLS LCD,720 x 1600,"6.7""",Đang cập nhật,4GB,128GB,Tự động lấy nét,,,,MediaTek G85,Khung & Mặt lưng nhựa,189g,167.3mm x 77.3mm x 8.0mm,2 SIM (Nano-SIM),False,V5.3,True,802.11a/b/g/n/ac,True,44,,,Android,,44,
Samsung Galaxy A06 5G- 4GB/128GB,120Hz,Dynamic AMOLED 2X,1080 x 2340,"6.7""",1900nits,8GB,128 GB,"Zoom quang học
Zoom kỹ thuật số
Xóa phông
Tự động lấy nét (AF)
Trôi nhanh thời gian (Time Lapse)
Toàn cảnh (Panorama)
Super HDR
Quay video hiển thị kép
Quay chậm (Slow Motion)
Góc siêu rộng (Ultrawide)
Chống rung quang học (OIS)
Chống rung kỹ thuật số (VDIS)
Ban đêm (Night Mode)
AI Camera",,,,Exynos 2400e 8 nhân,Khung kim loại & Mặt lưng kính,213g,162mm x 77.3mm x 8mm,2 Nano SIM hoặc 1 Nano SIM + 1 eSIM,False,V5.3,False,Wi-Fi 802.11 a/b/g/n/ac/ax,True,45,,,Android,14,45,
Samsung Galaxy A26 5G - 8GB/128GB,90Hz,Super AMOLED,1080 x 2340,"6.5""",800nits,4GB,128GB,"Zoom kỹ thuật số
Xóa phông
Tự động lấy nét (AF)
Trôi nhanh thời gian (Time Lapse)
Toàn cảnh (Panorama)
Siêu độ phân giải
Quét mã QR
Quay chậm (Slow Motion)
Nhãn dán (AR Stickers)
Làm đẹp
HDR
Góc siêu rộng (Ultrawide)
Chụp hẹn giờ
Chuyên nghiệp (Pro)
Bộ lọc màu
Ban đêm (Night Mode)",,,,MediaTek Dimensity 6100+,"Chất liệu khung viền: Armor aluminum
Chất liệu mặt lưng máy: Gorilla Glass Victus 2",239g,153.5mm x 132.6mm x 5.6mm,1 nano SIM + 1 nano SIM / 1 micro SD,False,v5.3,False,802.11 a/b/g/n/ac,False,46,,,Android,14,46,
Samsung Galaxy M54 5G 8GB/256GB,1-120Hz,Dynamic AMOLED 2X,"MH chính: 2160 x 1856
MH phụ: 2376 x 968","MH chính: 7.6""
MH phụ: 6.3""",2600nits,12GB,256GB,"AI Camera với công nghệ ProVisual Engine (AI Zoom, Chụp chân dung AI)
Tính năng chụp đêm Nightography
Zoom quang học 3x
Zoom kỹ thuật số 30x",6000 mAh,,False,Snapdragon 8 Gen 3,"Chất liệu khung viền: Armor aluminum
Chất liệu mặt lưng máy: Gorilla Glass Victus 2",239g,153.5mm x 132.6mm x 5.6mm,Dual Nano-sim/ hoặc 01 Nano-sim + 01 E-sim,False,V5.3,False,802.11a/b/g/n/ac/ax,False,47,"Mở khoá vân tay cạnh viền
Mở khoá khuôn mặt",,Android,14,47,
Samsung Galaxy A06 4GB/128GB,1-120Hz,Dynamic AMOLED 2X,"MH chính: 2160 x 1856
MH phụ: 2376 x 968","MH chính: 7.6""
MH phụ: 6.3""",2600nits,12GB,256GB,"AI Camera với công nghệ ProVisual Engine (AI Zoom, Chụp chân dung AI)
Tính năng chụp đêm Nightography
Zoom quang học 3x
Zoom kỹ thuật số 30x",5000mAh,,False,Snapdragon 8 Gen 3,,195g,168.8 x 78.2 x 8.8mm,Dual Nano-sim/ hoặc 01 Nano-sim + 01 E-sim,False,V5.3,False,802.11a/b/g/n/ac/ax,True,48,"Mở khoá vân tay cạnh viền
Mở khoá khuôn mặt",Đang cập nhật,Android,14,48,
Samsung Galaxy S24 FE 8GB/128GB,,PLS LCD,720 x 1600,"6.7""",,4GB,64GB,Tự động lấy nét,4700mAh,"Tiết kiệm pin
Sạc pin nhanh
Sạc ngược không dây
Sạc không dây
Siêu tiết kiệm pin",True,Octa-core,Khung & Mặt lưng nhựa,217 g,160.1 x 76.8 x 9.3 mm,,False,V5.3,True,"802.11 a/b/g/n/ac 2.4G+5GHz, VHT80",False,49,"Mở khoá vân tay dưới màn hình
Mở khoá khuôn mặt",IP68,Android,,49,
Điện thoại Samsung Galaxy M15 5G 4GB/128GB,120Hz,Super AMOLED,2340 x 1080,"6.6""",1000nits,8GB,128GB,"Zoom kĩ thuật số 10x
Panorama
Macro
Xóa phông
Chế độ ban đêm
Chuyên nghiệp
Hyperlapse
Chuyển động siêu chậm
Tự động lấy nét inch",4400mAh,"Sạc không dây
Sạc pin nhanh
Tiết kiệm pin",False,Exynos 1380,Khung Titan & Mặt lưng kính cường lực,232,162.3mm x 79.0mm x 8.6mm,"Nano-SIM (4FF),Embedded-SIM",False,V5.3,False,802.11a/b/g/n/ac/ax/be,True,50,"Các tính năng Galaxy AI:
Khoanh Tròn Để Tìm Kiếm với Google
Trợ Lí Note Quyền Năng
Hậu Kì Sáng Tạo
Phiên Dịch Viên
Phác Họa Thông Minh",IPX8,Android,14,50,
Samsung Galaxy Z Fold6 12GB/256GB (BHĐT),120Hz,Dynamic AMOLED 2X,2340 x 1080,"6.2""",2600nits,8GB,512GB,"Optical Zoom 3x, Optical quality Zoom 2x (Enabled by Adaptive Pixel sensor) , Digital Zoom up to 30x",5000mAh,,False,Exynos 2400,Khung Titan & Mặt lưng kính cường lực,232g,162.3mm x 79.0mm x 8.6mm,"Nano-SIM (4FF),Embedded-SIM",False,V5.3,False,802.11a/b/g/n/ac/ax,True,51,,,Android,14,51,
Samsung Galaxy Z Fold6 12GB/256GB,120Hz,Super AMOLED,2400 x 1080,"6.6""",1000nits,8GB,128GB,"Zoom kĩ thuật số 10x
Panorama
Macro
Xóa phông
Chế độ ban đêm
Chuyên nghiệp
Hyperlapse
Chuyển động siêu chậm
Tự động lấy nét",6000mAh,"Tiết kiệm pin
Sạc pin nhanh",False,Exynos 1480,Khung nhựa & Mặt lưng kính,209g,161.7mm x 78.0mm x 8.2mm,1 SIM + 1 khe phụ (SIM/thẻ nhớ) hoặc eSim,False,V5.3,False,802.11 a/b/g/n/ac/ax,True,52,Cảm biến vân tay cạnh bên và Samsung Knox Vault bảo vệ dữ liệu.,,Android,14,52,
Điện thoại Samsung Galaxy A05 - 4GB/64GB,120Hz,Dynamic AMOLED 2X,3120 x 1440,"6.8""",2600nits,12GB,1TB,"Ảnh Raw
Zoom quang học
Zoom kỹ thuật số
Xóa phông
Video chân dung
Video chuyên nghiệp
Tự động lấy nét (AF)
Trôi nhanh thời gian (Time Lapse)
Toàn cảnh (Panorama)
Super HDR
Siêu độ phân giải
Quét mã QR
Quay video hiển thị kép
Quay Siêu chậm (Super Slow Motion)
Quay chậm (Slow Motion)
Làm đẹp
Góc siêu rộng (Ultrawide)
Chụp ảnh chuyển động
Chụp một chạm
Chụp hẹn giờ
Chống rung quang học (OIS)
Chống rung kỹ thuật số (VDIS)
Chuyên nghiệp (Pro)
Bộ lọc màu
Ban đêm (Night Mode)",4400mAh,"Sạc không dây
Sạc pin nhanh
Tiết kiệm pin",True,Snapdragon 8 Gen 3,Khung kim loại & Mặt lưng kính,213g,161.1mm x 77.4mm x 8.2mm,"Nano-SIM (4FF),Embedded-SIM",False,V5.3,False,802.11a/b/g/n/ac/ax/be,True,53,"Các tính năng Galaxy AI:
Khoanh Tròn Để Tìm Kiếm với Google
Trợ Lí Note Quyền Năng
Hậu Kì Sáng Tạo
Phiên Dịch Viên
Phác Họa Thông Minh",IPX8,Android,14,53,
Điện thoại Samsung Galaxy A55 - 8GB/128GB,120Hz,Dynamic AMOLED 2X,3120 x 1440,"6.7""",2600nits,12GB,256GB,"Optical Zoom 3x, Optical quality Zoom 2x (Enabled by Adaptive Pixel sensor) , Digital Zoom up to 30x",5000mAh,"Tiết kiệm pin
Sạc pin nhanh
Sạc ngược không dây
Sạc không dây",True,Exynos 2400,Khung Titan & Mặt lưng kính cường lực,232g,162.3mm x 79.0mm x 8.6mm,"Nano-SIM (4FF),Embedded-SIM",False,V5.3,False,802.11a/b/g/n/ac/ax,True,54,"Mở khoá vân tay dưới màn hình, Mở khoá khuôn mặt",IP68,Android,14,54,
Điện Thoại AI - Samsung Galaxy S24 - 8GB/512GB - Chính hãng,120Hz,Dynamic AMOLED 2X,3120 x 1440,"6.8""",2600nits,12GB,256GB,"Ảnh Raw
Zoom quang học
Zoom kỹ thuật số
Xóa phông
Video chân dung
Video chuyên nghiệp
Tự động lấy nét (AF)
Trôi nhanh thời gian (Time Lapse)
Toàn cảnh (Panorama)
Super HDR
Siêu độ phân giải
Quét mã QR
Quay video hiển thị kép
Quay Siêu chậm (Super Slow Motion)
Quay chậm (Slow Motion)
Làm đẹp
Góc siêu rộng (Ultrawide)
Chụp ảnh chuyển động
Chụp một chạm
Chụp hẹn giờ
Chống rung quang học (OIS)
Chống rung kỹ thuật số (VDIS)
Chuyên nghiệp (Pro)
Bộ lọc màu
Ban đêm (Night Mode)",5000mAh,"Tiết kiệm pin
Sạc pin nhanh
Sạc ngược không dây
Sạc không dây",True,Snapdragon 8 Gen 3,Khung nhôm & Mặt lưng kính cường lực,232g,147.0mm x 70.6mm x 7.6mm,"Nano-SIM (4FF),Embedded-SIM",False,V5.3,False,802.11a/b/g/n/ac/ax/be,True,55,"Mở khoá vân tay dưới màn hình, Mở khoá khuôn mặt",IP68,Android,14,55,
Điện Thoại AI - Samsung Galaxy S24 Ultra - 12GB/1TB - Chính hãng,120Hz,Dynamic AMOLED 2X,3120 x 1440,"6.8""",2600nits,12GB,512GB,"Ảnh Raw
Zoom quang học
Zoom kỹ thuật số
Xóa phông
Video chân dung
Video chuyên nghiệp
Tự động lấy nét (AF)
Trôi nhanh thời gian (Time Lapse)
Toàn cảnh (Panorama)
Super HDR
Siêu độ phân giải
Quét mã QR
Quay video hiển thị kép
Quay Siêu chậm (Super Slow Motion)
Quay chậm (Slow Motion)
Làm đẹp
Góc siêu rộng (Ultrawide)
Chụp ảnh chuyển động
Chụp một chạm
Chụp hẹn giờ
Chống rung quang học (OIS)
Chống rung kỹ thuật số (VDIS)
Chuyên nghiệp (Pro)
Bộ lọc màu
Ban đêm (Night Mode)",4000mAh,,False,Snapdragon 8 Gen 3,Khung nhôm & Mặt lưng kính cường lực,196g,158.5mm x 75.9mm x 7.7mm,"Nano-SIM (4FF),Embedded-SIM",False,V5.3,False,"802.11a/b/g/n/ac/ax/be 2.4GHz+5GHz+6GHz, EHT320, MIMO, 4096-QAM",True,56,"Mở khoá vân tay dưới màn hình
Mở khoá khuôn mặt",IP68,Android,14,56,
Điện Thoại AI - Samsung Galaxy S24 Plus - 12GB/256GB - Chính Hãng,120Hz,Dynamic AMOLED 2X,3120 x 1440,"6.8""",2600nits,12GB,256GB,"Ảnh Raw
Zoom quang học
Zoom kỹ thuật số
Xóa phông
Video chân dung
Video chuyên nghiệp
Tự động lấy nét (AF)
Trôi nhanh thời gian (Time Lapse)
Toàn cảnh (Panorama)
Super HDR
Siêu độ phân giải
Quét mã QR
Quay video hiển thị kép
Quay Siêu chậm (Super Slow Motion)
Quay chậm (Slow Motion)
Làm đẹp
Góc siêu rộng (Ultrawide)
Chụp ảnh chuyển động
Chụp một chạm
Chụp hẹn giờ
Chống rung quang học (OIS)
Chống rung kỹ thuật số (VDIS)
Chuyên nghiệp (Pro)
Bộ lọc màu
Ban đêm (Night Mode)",4900mAh,,False,Snapdragon 8 Gen 3,Khung Titan & Mặt lưng kính cường lực,232g,162.3mm x 79.0mm x 8.6mm,1 SIM + 1 khe phụ (SIM/thẻ nhớ),False,V5.3,False,802.11 a/b/g/n/ac/ax,True,57,"Mở khoá vân tay dưới màn hình
Mở khoá khuôn mặt",IP68,Android,14,57,
Điện Thoại AI - Samsung Galaxy S24 Ultra - 12GB/512GB - Chính hãng,90Hz,Super AMOLED,1080x2340,"6.7""",800 nits,8GB,128GB,"Zoom kỹ thuật số
Xóa phông
Tự động lấy nét (AF)
Toàn cảnh (Panorama)
Quay chậm (Slow Motion)
Chuyên nghiệp (Pro)
Ban đêm (Night Mode)",5000mAh,"Tiết kiệm pin
Sạc pin nhanh
Sạc ngược không dây
Sạc không dây",True,MediaTek Dimensity 6300 5G,Khung & Mặt lưng nhựa,192g,164.4 mm x 77.9 mm x 7.9 mm,1 nano SIM + 1 nano SIM / 1 micro SD,False,V5.3,False,802.11 a/b/g/n/ac,True,58,"Mở khoá vân tay dưới màn hình, Mở khoá khuôn mặt",IP68,Android,14,58,
Samsung Galaxy S24 Ultra - 12GB/256GB (BHĐT),120Hz,Dynamic AMOLED 2X,2340 x 1080,"6.4""",1200nits,8GB,128GB,,5000mAh,"Tiết kiệm pin
Sạc pin nhanh
Sạc ngược không dây
Sạc không dây",True,Exynos 2200,Khung viền kim loại cao cấp,209,158.0mm x 76.5mm x 8.2mm,SIM Kép (SIM 1 + SIM 2 or Embedded SIM),False,V5.3,False,802.11 a/b/g/n/ac/ax,True,59,"Mở khoá vân tay dưới màn hình, Mở khoá khuôn mặt",IP68,Android,,59,
Điện Thoại AI - Samsung Galaxy S24 Ultra - 12GB/256GB - Chính hãng,120Hz,Super AMOLED,2340 x 1080,"6.5""",1000nits,6GB,128GB,"Góc siêu rộng (Ultrawide)
Xóa phông
Toàn cảnh (Panorama)
Tự động lấy nét (AF)
Ban đêm (Night Mode)
Chuyên nghiệp (Pro)
Quay Siêu chậm (Super Slow Motion)
Siêu cận (Macro)",5000mAh,Sạc nhanh,False,Exynos 1280,Khung & Mặt lưng nhựa,197g,161mm x 76.5mm x 8.3mm,2 Nano SIM,False,V5.3,False,Wi-Fi 802.11 a/b/g/n/ac,True,60,"Khuôn mặt
Vân tay dưới màn hình",IP67,Android,14,60,
Điện thoại Samsung Galaxy A35 - 8GB/128GB,120Hz,AMOLED,"MH Chính: 2640 x 1080
MH Phụ: 748 x 720","6.7""
3.4""",1000nits,8GB,256GB,"Góc siêu rộng (Ultrawide)
Góc rộng (Wide)
Chống rung quang học (OIS)
Ban đêm (Night Mode)
FlexCam
Zoom kỹ thuật số",5000mAh,,False,Snapdragon 8 Gen 2,Khung nhôm & Mặt lưng kính cường lực,187g,165.1mm x 71.9mm x 6.9mm,1 Nano SIM & 1 eSIM,False,V5.3,False,Wi-Fi 802.11 a/b/g/n/ac/ax,True,61,"Khuôn mặt
Vân tay dưới màn hình",IP67,Android,13,61,
Samsung Galaxy A16 5G 8GB/128GB,90Hz,Super AMOLED,2400 x 1080,"6.5""",800nits,8GB,128GB,"Xóa phông
Tự động lấy nét (AF)
Toàn cảnh (Panorama)
Siêu cận (Macro)
Quét mã QR
Quay chậm (Slow Motion)
Nhãn dán (AR Stickers)
Làm đẹp
HDR
Góc siêu rộng (Ultrawide)
Chụp hẹn giờ
Chuyên nghiệp (Pro)
Bộ lọc màu
Ban đêm (Night Mode)",5000mAh,,False,MediaTek Helio G99,"Khung máy: Nhựa Polycarbonate
Mặt lưng máy: Nhựa Polycarbonate",197g,160.1mm x 76.8mm x 8.4mm,2 Nano SIM,False,V5.3,False,Wi-Fi 802.11 a/b/g/n/ac,True,62,"Mở khoá vân tay cạnh viền, Mở khoá khuôn mặt",IP54,One,UI 6.0,62,
Điện thoại Samsung Galaxy S23 FE 5G 8GB/128GB,90Hz,PLS LCD,2400 x 1080,"6.7""",500nits,4GB,128GB,"Zoom kỹ thuật số
Xóa phông
Tự động lấy nét (AF)
Trôi nhanh thời gian (Time Lapse)
Toàn cảnh (Panorama)
Siêu cận (Macro)
Quay chậm (Slow Motion)
Làm đẹp
HDR
Chụp hẹn giờ
Chuyên nghiệp (Pro)
Bộ lọc màu
Ban đêm (Night Mode)",4500mAh,,False,Snapdragon 680,Nhựa,192g,164.4 x 77.9 x 7.9mm,2 Nano SIM,False,V5.1,False,Wi-Fi 802.11 a/b/g/n/ac,True,63,"Mở khoá vân tay dưới màn hình
Mở khoá khuôn mặt",IP68,One,UI 5.1,63,
Samsung Galaxy A25 5G - 6GB/128GB - Chính hãng,90Hz,Super AMOLED,1080 x 2340,"6.7""",800nits,4GB-8GB,128GB,"Zoom quang học 10x
Panorama
Xóa phông
Chế độ ban đêm
Chuyên nghiệp
Hyperlapse
Chuyển động siêu chậm
Tự động lấy nét",3700mAh,"Sạc không dây
Sạc pin nhanh
Tiết kiệm pin",True,MediaTek Helio G99,Khung & Mặt lưng nhựa,194g,168mm x 77.8mm x 8.8mm,2 SIM + 1 thẻ nhớ riêng,False,V5.3,False,"802.11a/b/g/n/ac 2.4GHz+5GHz, VHT80
Wi-Fi Direct",False,64,Mở khoá khuôn mặtMở khoá vân tay cạnh viền,IPX8,Android,14,64,
Điện thoại Samsung Galaxy Z Flip5 8GB/256GB,1-120Hz,AMOLED,3200 x 1440,"6.73""",3200nits,12GB,256GB,"Leica VARIO-SUMMILUX 1:1.62-2.2/14-60 ASPH.
Ba ống kính, tám tiêu cự: Camera chính Leica,Camera tele Leica, Camera trước",5000mAh,Sạc pin nhanh,False,Snapdragon 8 Elite,"Chất liệu khung: Hợp kim nhôm cường lực
Màu: Đen, Trắng, Bạc Chrome",,"161.3 x 75.3 x 9.35mm
161.3 x 75.3 x 9.48mm (Bạc Chrome)",Sim kép (nano SIM + nano SIM/nano SIM + eSIM/eSIM + eSIM),False,V6.0,,Wi-Fi 7,False,65,"Vân tay cạnh bên
Bảo mật Knox",Đang cập nhật,Xiaomi,HyperOS 2,65,
Samsung Galaxy A15 - 8GB/128GB - Chính hãng,1-120Hz,AMOLED,2670 x 1200,"6.36""",3200nits,16GB,512GB,"Hệ thống Camera Leica VARIO-SUMMILUX: Camera chính Leica, Camera tele Leica, Camera tele kính tiềm vọng Leica, Camera góc siêu rộng Leica",5000mAh,,False,Snapdragon 8 Elite,"Kính cường lực Xiaomi Shield
Khung nhôm cường lực","191g (Đen, Trắng, Xanh lá), 192g (Bạc Ánh Kim)","152.3 x 71.2 x 8.08mm
152.3 x 71.2 x 8.48mm (Bạc Ánh Kim)",SIM kép (nano SIM + nano SIM/nano SIM + eSIM/eSIM + eSIM),False,V6.0,,Wi-Fi 7,False,66,"Mở khoá vân tay cạnh viền
Mở khoá khuôn mặt",Đang cập nhật,Xiaomi,HyperOS 2,66,
Samsung Galaxy A16 4GB/128GB,120Hz,Kính Corning® Gorilla® Glass 5,2400 x 1080,"6.67""",1800 nits,6GB,128GB,"Google Gemini⁵, Xóa vật thể AI, AI Sky, AI Beautify",5000mAh,Super Fast Charing,False,MediaTek Helio G99-Ultra,,"210.14g (Xanh Băng Giá, Đen Huyền Bí)
205.13g (Xanh Oải Hương)","162.53mm x 74.67mm x 8.75mm (Xanh Băng Giá, Đen Huyền Bí)
162.53mm x 74.67mm x 8.85mm (Tím Oải Hương)",SIM kép (nano SIM + nano SIM or nano SIM + eSIM⁹),False,V5.4,,,False,67,"Vân tay cạnh bên
Mẫu hình
PIN
Mật khẩu
Khuôn mặt",IP54,Xiaomi,HyperOS,67,
Điện thoại Samsung Galaxy A05S - 4GB/128GB,120Hz,AMOLED,2712 x 1220,"6.67""",3000 nits,8GB,256GB,"Công nghệ gộp 16 điểm ảnh làm 1, kích thước 2.24μm
Kích thước cảm biến 1/1.4""
Góc siêu rộng 8MP: f/2.2
Macro 2MP: f/2.4",5000mAh,"Tiết kiệm pin, Sạc pin nhanh",False,Snapdragon® 7s Gen 3,,196.5g,163.25mm x 76.55mm x 8.16mm,SIM 1 + Hybrid (SIM hoặc 1 thẻ microSD),False,V5.3,,,False,68,"Mở khoá vân tay cạnh viền, Mở khoá khuôn mặt",Đang cập nhật,Xiaomi,HyperOS,68,
Điện thoại Xiaomi 15 12GB/256GB,,,Full HD,,,,,,,,,,,,,SIM kép + microSD,False,V5.4,False,Wi-Fi 802.11 a/b/g/n/ac,True,69,,IP68,,,69,
Điện thoại Xiaomi 15 Ultra 16GB/512GB,120Hz,IPS LCD,640 x 720,"6.88""",600nits,4GB,128GB,"filmCamera, chế độ HDR, Chế độ ban đêm, Chế độ chân dung, Tua nhanh thời gian, chế độ 50MP",,,,MediaTek Helio G81- Ultra,,,,,False,,,,False,70,,IP68,Android,14,70,
Xiaomi Redmi Note 14 6GB/128GB,,,Full HD,,,,,,5110mah,,False,,Khung nhựa & Mặt lưng nhựa,211g,71.88mm x 77.80mm x 8.22mm,,False,,,,False,71,,IP68,,,71,
Xiaomi Redmi Note 14 Pro+ 5G 8GB/256GB,120Hz,AMOLED,3200 x 1440,"6.73""",3000nits,16GB,512GB,LEICA VARIO-SUMMILUX 1:1.63-2.5/12-120 ASPH,5500mAh,,False,Snapdragon 8 Gen 3,Khung kim loại & Mặt lưng da nhân tạo,"219,8g",161.4mm x 75.3mm x 9.20mm,Dual SIM,False,V5.4,False,Wi-Fi 7,True,72,Mở khóa bằng khuôn mặt AI,IP54,Xiaomi,HyperOS,72,
Điện thoại Xiaomi Redmi 14C 4GB/128GB,144Hz,CrystalRes AMOLED,2712 x 1220,"6.67""",4000nits,,,"Máy ảnh tele Leica:
50mm ƒ/1 9
50MP
Máy ảnh góc siêu rộng Leica:
15mm ƒ/2 2
12MP
Hình ảnh Leica đích thực
Hai phong cách chụp ảnh Leica
Dấu chìm Leica
Bộ lọc màu Leica
m thanh màn trập cổ điển của Leica
Chân dung Leica
Xiaomi AISP: FusionLM, ColorLM, ToneLM và PortraitLM
UltraHDR
Master Portrait",,,False,,,,,,False,,,,False,73,,,,,73,
Điện thoại Xiaomi Redmi 12 4GB/128GB,144Hz,CrystalRes AMOLED,2712 x 1220,"6,67""",4000nits,12GB,512GB,"Máy ảnh chính Leica: 23mm ƒ/1 6
Cảm biến hình ảnh Light Fusion 900
2 4 m Super Pixel
Dual Native ISO Fusion Max
Dải động lên đến 13 57EV
50MP
Máy ảnh tele Leica
- 60mm ƒ/2 0
Máy ảnh góc siêu rộng Leica
- 15mm ƒ/2 2
12MP
Hình ảnh Leica đích thực
Hai phong cách chụp ảnh Leica
Leica watermark
Bộ lọc Leica
m thanh màn trập cổ điển của Leica
Chân dung Leica
Xiaomi AISP: FusionLM, ColorLM, ToneLM and PortraitLM
UltraHDR
Master Portrait",,,False,MediaTek Dimensity 9300+,Khung bằng hợp kim nhôm kim loại,209g,160.4mm x 75.1mm x 8.39mm,Sim kép,False,V5.4,False,Wi-Fi 7,True,74,,,Xiaomi,HyperOS (Android 14),74,
Điện thoại Xiaomi Redmi 12 8GB/128GB,120Hz,AMOLED,2670 x 1200,"6.36""",3000nits,12GB,256GB,"Ảnh Raw
Zoom quang học
Zoom kỹ thuật số
Xóa phông
Trôi nhanh thời gian (Time Lapse)
Toàn cảnh (Panorama)
Tilt-shift
Siêu độ phân giải
Siêu trăng
Siêu cận (Macro)
Quét tài liệu
Quay chậm (Slow Motion)
Phơi sáng
Làm đẹp
HDR
Góc siêu rộng (Ultrawide)
Google Lens
Chụp hẹn giờ
Chống rung quang học (OIS)
Chế độ đạo diễn
Chân dung đêm
Chuyên nghiệp (Pro)
Bộ lọc màu
Ban đêm (Night Mode)
AI Camera
Xiaomi ProFocus",5160mAh,,False,Snapdragon 8 Gen 3,Khung kim loại & Mặt lưng kính,193g,152.8mm x 71.5mm x 8.2mm,2 nano SIM,False,V5.4,False,"Wi-Fi 7, Wi-Fi 6",True,75,"Mở khoá vân tay cạnh viền
Mở khoá khuôn mặt",Đang cập nhật,HyperOS,,75,
Xiaomi 14 Ultra,120Hz,AMOLED DotDisplay,2712 x 1220,"6.67""",1800nits,8GB,256GB,"Zoom kỹ thuật số
Xóa phông
Trôi nhanh thời gian (Time Lapse)
Siêu cận (Macro)
Làm đẹp (Beautify)
Ban đêm (Night Mode)
Bộ lọc màu
Chống rung quang học (OIS)",5000mAh,"Hệ thống quản lý pin Xiaomi Surge
sạc Xiaomi Surge
quản lý pin Xiaomi Surge",False,Snapdragon 7s Gen 2,"Vỏ thân máy: Nhựa, Mặt lưng máy: Nhựa",181g,161.15mm x 74.24mm x 7.98mm,2 nano SIM,False,V5.2,True,Wi-Fi 802.11a/b/g/n/ac,True,76,"Cảm biến vân tay trong màn hình
AI face unlock",IP68,MIUI,14,76,
Xiaomi 14T 12GB/512GB,120Hz,AMOLED,2712 x 1220,"6.67""",1800nits,8GB,256GB,,5000mAh,,False,MediaTek Dimensity 7200 Ultra,"Khung nhựa, mặt lưng kính","204,5g",161.4mm x 74.2mm x 8.9mm,2 nano SIM,False,V5.3,False,Wi-Fi 6/Wi-Fi 5/Wi-Fi 4/802.11a/b/g,True,77,"Mở khoá vân tay dưới màn hình
Mở khoá khuôn mặt",IP68,Android,13,77,
Điện thoại Xiaomi 14T Pro 12GB/512GB,144Hz,AMOLED,2712 x 1220,"6.67""",2600nits,12GB,256GB,"Ảnh Raw
Zoom kỹ thuật số
Xóa phông
Xiaomi ProCut
Video chuyên nghiệp
Tự động lấy nét (AF)
Trôi nhanh thời gian (Time Lapse)
Toàn cảnh (Panorama)
Siêu độ phân giải
Quét tài liệu
Quay video ban đêm
Quay chậm (Slow Motion)
Phơi sáng
Hiệu ứng Bokeh
HDR
Góc siêu rộng (Ultrawide)
Google Lens
Chụp hẹn giờ
Chống rung quang học (OIS)
Chuyên nghiệp (Pro)
Bộ lọc màu
Ban đêm (Night Mode)
AI Camera
Xiaomi ProFocus",,,False,MediaTek Dimensity 8200-Ultra,Khung kim loại & Mặt lưng kính hoặc da nhân tạo (Xanh dương),197g (Kính) | 193g (Da),"Bản lưng kính: 162.2mm x 75.7mm x 8.49mm
Bản lưng da: 162.2mm x 75.7mm x 8.62mm",2 nano SIM,False,V5.4,False,Wi-Fi 6,True,78,,,Android,13,78,
Điện thoại Xiaomi 14 (12GB/256GB),120Hz,AMOLED,2400 x 1080,"6.67""",1800nits,6GB,128GB,"Xóa phông
Trôi nhanh thời gian (Time Lapse)
Toàn cảnh (Panorama)
Tilt-shift
Siêu độ phân giải
Siêu cận (Macro)
Quét tài liệu
Quay chậm (Slow Motion)
Làm đẹp
HDR
Góc siêu rộng (Ultrawide)
Google Lens
Chụp hẹn giờ
Chuyên nghiệp (Pro)
Bộ lọc màu
Ban đêm (Night Mode)
AI Camera",4610mAh,,False,Snapdragon 685,Khung và mặt lưng nhựa,188.5g,162.24mm x 75.55mm x 7.97mm,2 nano SIM,False,V5.1,True,Wi-Fi Protocol: 802.11a/b/g/n/ac,True,79,Cảm biến vân tay trong màn hình,IP68,Android,13,79,
POCO X6 5G (8GB/256GB) - Chính hãng,90Hz,IPS LCD,1650 x 720,"6.71""",500nits,4GB,128GB,"Zoom kỹ thuật số
Xóa phông
Trôi nhanh thời gian (Time Lapse)
HDR
AI Camera",5100mAh,,False,MediaTek Helio G36,Mặt lưng kính hoặc da (tuỳ theo phiên bản màu sắc),193g (Da PU) | 199g (Kính),168.4mm x 76.3mm x 8.3mm,2 nano SIM,False,V5.4,False,2.4GHz/5GHz Wi-Fi,True,80,"Cảm biến vân tay dưới màn hình
Mở khóa bằng khuôn mặt AI",IP54,Android,14,80,
Điện thoại Redmi Note 13 (6GB/128GB),120Hz,AMOLED DotDisplay,2400 x 1080,"6.67""",1200nits,4GB,128GB,"Toàn cảnh (Panorama)
Siêu cận (Macro)
HDR
Góc siêu rộng (Ultrawide)
Góc rộng (Wide)",5000mAh,"Tiết kiệm pin, Sạc pin nhanh",False,Snapdragon 685,Nhựa,183.5g,165.66mm x 75.96mm x 7.85mm,2 nano SIM,False,V5.0,False,"Wi-Fi 2.4GHz, 5GHz",True,81,"Cảm biến vân tay trong màn hình
Nhận diện khuôn mặt 2D",IP68,Android,13,81,
Điện thoại Redmi Note 13 Pro+ 5G (8GB/256GB),120Hz,AMOLED DotDisplay,2400 x 1080,"6.67""",900nits,8GB,256GB,"Xóa phông
Trôi nhanh thời gian (Time Lapse)
Toàn cảnh (Panorama)
Siêu độ phân giải
Siêu cận (Macro)
Quay chậm (Slow Motion)
HDR
Góc siêu rộng (Ultrawide)
Góc rộng (Wide)
Chống rung quang học (OIS)
Chuyên nghiệp (Pro)
Bộ lọc màu
Ban đêm (Night Mode)
AI Camera",5000mAh,,False,MediaTek Dimensity 1080,Nhựa,187g,162.9mm x × 76mm x × 7.9mm,2 nano SIM,False,V5.2,False,Wi-Fi 6,True,82,"Cảm biến vân tay dưới màn hình
Mở khóa bằng khuôn mặt AI",IP68,Android,12,82,
Điện thoại Xiaomi 13T (12GB/256GB),120Hz,AMOLED,2400 x 1080,"6.67""",1200nits,8GB,128GB,"Lấy nét theo pha (PDAF)
Xóa phông
Toàn cảnh (Panorama)
HDR
Góc rộng (Wide)
Siêu cận (Macro)
Góc siêu rộng (Ultrawide)",5000mAh,,False,Snapdragon 695 5G,Khung nhựa & Mặt lưng kính,202g,164.19mm x 76.1mm x 8.12mm,2 Nano SIM (SIM 2 chung khe thẻ nhớ),False,V5.1,False,Wi-Fi 802.11 a/b/g/n/ac,True,83,"Cảm biến vân tay trong màn hình
Mở khóa bằng khuôn mặt AI",IP54,Android,11,83,
Điện thoại Redmi A3 (4GB/128GB),120Hz,AMOLED DotDisplay,2712 x 1220,"6.67""",1800nits,12GB,256GB,"Zoom kỹ thuật số
Xóa phông
Trôi nhanh thời gian (Time Lapse)
Siêu cận (Macro)
Làm đẹp (Beautify)
Ban đêm (Night Mode)
Bộ lọc màu
Chống rung quang học (OIS)",5000mAh,Tiết kiệm pin,False,Snapdragon 7s Gen 2,"Vỏ thân máy: Nhựa, Mặt lưng máy: Nhựa",181g,161.15mm x 74.24mm x 7.98mm,2 nano SIM,False,V5.2,True,Wi-Fi 802.11a/b/g/n/ac,False,84,"Mở khoá vân tay cạnh viền, Mở khoá khuôn mặt",Đang cập nhật,MIUI,14,84,
Điện thoại Redmi Note 12 (4GB/128GB),120Hz,AMOLED,1080 x 2400 (FHD),"6.67""",1200 nits,,,,5000mAh,,False,,,,,,,,,,,85,"Cảm biến vân tay cạnh máy
Mở khóa bằng khuôn mặt",IP53,,,85,
Điện thoại Redmi Note 12 Pro 5G (8GB/256GB),120Hz,Kính cường lực AGC DT Star2,1080 x 2400 (FHD),"6.67""",1200 nits,8GB,256GB,,5000mAh,,False,MediaTek Helio G100,,,,Dual nano-SIM,False,V5.3 BLE,False,"Wifi 2.4G/5G, 802.11 a/b/g/n/ac",False,86,"Cảm biến vân tay cạnh bên
Nhận diện khuôn mặt",IP53,ColorOS,"15, nền tảng Android 15",86,
Điện thoại Redmi Note 11 Pro 5G (8GB/128GB),120Hz,OLED,2440 x 2268,"MH chính: 7.82""
MH phụ: 6.31""",2800nits,16GB,512GB,"Ảnh Raw
Zoom quang học
Zoom kỹ thuật số
Xóa phông
XPAN
Trôi nhanh thời gian (Time Lapse)
Toàn cảnh (Panorama)
Siêu độ phân giải
Siêu cận (Macro)
Quét mã QR
Quay video hiển thị kép
Quay chậm (Slow Motion)
Phơi sáng
Nhãn dán (AR Stickers)
Làm đẹp
HDR
Góc siêu rộng (Ultrawide)
Google Lens
FlexCam
Chụp hẹn giờ
Chống rung quang học (OIS)
Chuyên nghiệp (Pro)
Bộ lọc màu
Ban đêm (Night Mode)",5000mAh,,False,Snapdragon 8 Gen 2,Khung hợp kim nhôm & Mặt lưng kính cường lực Gorilla Glass 5 (Màu Vàng) | Da (Màu Đen),245g (Kính) | 239g (Da),153.4mm x 143.1mm x 5.9mm,2 Nano SIM hoặc 1 Nano SIM + 1 eSIM,False,V5.3,False,Wi-Fi 6,True,87,"Mở khoá khuôn mặt
Mở khoá vân tay cạnh viền",Đang cập nhật,Android,13,87,
POCO X6 5G (12GB/256GB),120Hz,AMOLED,"MH bên trong: 2520 x 1080
MH ngoài: 720 x 382","MH chính: 6.8""
MH phụ: 3.26""","MHChính:1600nits
MHPhụ:900nits",12GB,256GB,"Ảnh Raw
Zoom quang học
Zoom kỹ thuật số
Xóa phông
Tự động lấy nét (AF)
Trôi nhanh thời gian (Time Lapse)
Toàn cảnh (Panorama)
Siêu độ phân giải
Quét tài liệu
Quét mã QR
Quay chậm (Slow Motion)
Phơi sáng
Nhãn dán (AR Stickers)
Làm đẹp
HDR
Góc siêu rộng (Ultrawide)
Google Lens
Chụp hẹn giờ
Chống rung quang học (OIS)
Chuyên nghiệp (Pro)
Bộ lọc màu
Ban đêm (Night Mode)",5100mAh,,False,MediaTek Dimensity 9200,Khung nhôm & Mặt lưng kính cường lực Gorilla Glass 7,198g,"Khi mở: 166.4mm x 75.8mm x 7.79mm
Khi gập lại: 16.45mm x 75.8mm x 85.5mm",2 nano-SIM,False,V5.3,False,"Hỗ trợ Wi-Fi 7 (802.11be), Wi-Fi 6 (802.11ax), Wi-Fi 5 (802.11ac), 802.11a/b/g/n",True,88,"Cảm biến vân tay dưới màn hình
Mở khóa bằng khuôn mặt AI",IP54,Android,13,88,
OPPO Reno13 F 5G 12GB/256GB,60Hz,LCD,1612 x 720,"6.56""",600nits,3GB,64GB,"Zoom kỹ thuật số
Trôi nhanh thời gian (Time Lapse)
Toàn cảnh (Panorama)
Làm đẹp
HDR
Chuyên nghiệp (Pro)
Bộ lọc màu
Ban đêm (Night Mode)
AI Camera",,,,Helio G35,Khung & Mặt lưng nhựa,189g,164.2mm x 75.6mm x 8.3mm,Dual nano-SIM,False,V5.3,True,Wi-Fi 802.11 a/b/g/n/ac,True,89,,,Android,12,89,
OPPO Reno13 F 8GB/256GB,90Hz,LCD,1612 x 720,"6.56""",600nits,8GB,128GB,"Điều chỉnh khẩu độ
Zoom kỹ thuật số
Xóa phông
Trôi nhanh thời gian (Time Lapse)
Toàn cảnh (Panorama)
Siêu độ phân giải
Quay chậm (Slow Motion)
Nhãn dán (AR Stickers)
Làm đẹp
HDR
Google Lens
Chụp bằng cử chỉ
Chuyên nghiệp (Pro)
Bộ lọc màu
Ban đêm (Night Mode)
AI Camera",,,False,Snapdragon 680,,,,Dual nano-SIM + 1 thẻ nhớ,False,V5.0,True,802.11 a/b/g/n/ac,True,90,,,Android,12,90,
Điện thoại OPPO Find N3 (16GB/512GB),120Hz,AMOLED,2412 x 1080,"6.7""",950nits,8GB,128GB,"Chụp ảnh, quay video, chụp đêm, chân dung, chụp chuyên gia, super text, panorama, Google Lens, chụp chế độ dễ thương, video kép, chất lượng hình ảnh siêu sắc nét, chế độ dày pixel, time-lapse, slow motion",4805mAh,Sạc nhanh 67W,False,MediaTek Dimensity 7050,Khung hợp kim & Mặt lưng thuỷ tinh hữu cơ,185g,162.43mm x 74.19mm x 7.99mm,2 nano SIM,False,V5.3,False,"Wi-Fi 6 (802.11ax), Wi-Fi 5 (802.11ac), và 802.11a/b/g/n/",True,91,"Mở khoá vân tay cạnh viền, Mở khoá khuôn mặt",IPX4,Android,13,91,
Điện thoại OPPO Find N3 Flip (12GB/256GB),120Hz,AMOLED,2412 x 1080,"6.7""",950nits,8GB,256GB,"Chụp ảnh, quay video, chụp đêm, chân dung, chụp chuyên gia, super text, panorama, Google Lens, chụp chế độ dễ thương, video kép, chất lượng hình ảnh siêu sắc nét, chế độ dày pixel, time-lapse, slow motion",4300mAh,,False,MediaTek Dimensity 7050,Khung hợp kim & Mặt lưng thuỷ tinh hữu cơ,185g,162.43mm x 74.19mm x 7.99mm,2 nano SIM,False,V5.3,False,"Wi-Fi 6 (802.11ax), Wi-Fi 5 (802.11ac), và 802.11a/b/g/n/",True,92,"Nhận dạng vân tay cạnh bên, nhận dạng khuôn mặt",IPX4,Android,13,92,
Điện thoại OPPO A17K (3GB/64GB),90Hz,LCD,720 x 1612,"6.56""",720nits,6GB,128GB,,5000mAh,,False,Helio G85,Khung nhựa & Mặt lưng thuỷ tinh hữu cơ,186g,165.7mm x 76mm x 7.68mm,Dual nano-SIM + 1 thẻ nhớ,False,V5.3,False,"2.4G/5G, 802.11 a/b/g/n/ac",True,93,"Mở khoá vân tay cạnh viền, Mở khoá khuôn mặt",IPX4,Android,13,93,
Oppo A77s 8GB/128GB - Chính hãng,120Hz,AMOLED,2412 x 1080,"6.7""",1200nits,12GB,256GB,"Xóa phông
Xoá vật thể AI
Tách nền AI
Trôi nhanh thời gian (Time Lapse)
Toàn cảnh (Panorama)
Siêu cận (Macro)
Quét tài liệu
Quay video hiển thị kép
Quay chậm (Slow Motion)
Nhãn dán (AR Stickers)
Làm đẹp AI
HDR
Góc siêu rộng (Ultrawide)
Google Lens
Chuyên nghiệp (Pro)
Ban đêm (Night Mode)
AI Studio",5000mAh,,False,Dimensity 7300-Energy 5G,Khung nhựa & Mặt lưng thuỷ tinh hữu cơ,187g,163.05mm x 75.75mm x 7.76mm,Dual nano-SIM hoặc 1 nano-SIM+1 thẻ nhớ,False,V5.4,False,802.11 a/b/g/n/ac/ax,True,94,"Mở khoá vân tay cạnh viền, Mở khoá khuôn mặt",IPX4,Android,14,94,
Điện thoại OPPO Reno10 5G (8GB/128GB),90Hz,LCD LTPS,2400 x 1080,"6.72""",680nits,8GB,256GB,"Xóa phông
Tự động lấy nét (AF)
Trôi nhanh thời gian (Time Lapse)
Toàn cảnh (Panorama)
Siêu độ phân giải
Quét tài liệu
Quét mã QR
Quay chậm (Slow Motion)
Nhãn dán (AR Stickers)
Làm đẹp
HDR
Google Lens
Chụp hẹn giờ
Chuyên nghiệp (Pro)
Bộ lọc màu
Ban đêm (Night Mode)
AI Camera",5000mAh,,False,Dimensity 6020 5G,Khung hợp kim & Mặt lưng kính cường lực Gorilla Glass 5,191g,166.2mm x 75.2mm x 7.5mm,Dual nano-SIM hoặc 1 NanoSIM + 1 thẻ nhớ,False,V5.3,True,802.11 a/b/g/n/ac/,False,95,Cảm biến vân tay trong màn hình. Nhận diện khuôn mặt 2D,IPX4,Android,13,95,
Điện thoại OPPO Reno10 5G (8GB/256GB),90Hz,IPS LCD,1612 x 720,"6.56""",720nits,4GB,128GB,"Trôi nhanh thời gian (Time Lapse)
Xóa phông
Ban đêm (Night Mode)
Chuyên nghiệp (Pro)
Làm đẹp
Nhãn dán (AR Stickers)
Google Lens
Bộ lọc màu",5000mAh,,False,MediaTek Helio G85,Khung nhựa & Mặt lưng thuỷ tinh hữu cơ,188g,163.74mm x 75.03mm x 8.16mm,2 Nano SIM,False,V5.3,False,Wi-Fi 802.11 a/b/g/n/ac,True,96,Cảm biến vân tay trong màn hình. Nhận diện khuôn mặt 2D,IPX4,Android,13,96,
OPPO A3 6GB/128GB,60Hz,LCD,2400 x 1080,"6.72""",680nits,6GB,128GB,"Xóa phông
Tự động lấy nét (AF)
Trôi nhanh thời gian (Time Lapse)
Toàn cảnh (Panorama)
Nhãn dán (AR Stickers)
Làm đẹp
Hiệu ứng Bokeh
HDR
Google Lens
Chuyên nghiệp (Pro)
Bộ lọc màu
Ban đêm (Night Mode)",5100mAh,"Tiết kiệm pin
Sạc siêu nhanh SuperVOOC",False,Helio G85,Khung nhựa & Mặt lưng thuỷ tinh hữu cơ,190g,163.74mm x 75.03mm x 8.16mm,Dual nano-SIM + 1 thẻ nhớ,False,V5.3,True,"2.4G/5G, 802.11 a/b/g/n/ac",True,97,"Mở khoá vân tay cạnh viền
Mở khoá khuôn mặt",IP54,Android,13,97,
Điện thoại OPPO A38 6GB/128GB,120Hz,AMOLED,"MH Chính: 2520 x 1080
MH Phụ: 720 x 382","Chính 6.8"" & Phụ 3.26""","MHChính:1200nits
MHPhụ:800nits",8GB,256GB,"Zoom quang học
Xóa phông
Trôi nhanh thời gian (Time Lapse)
Toàn cảnh (Panorama)
Siêu độ phân giải
Quay chậm (Slow Motion)
Nhãn dán (AR Stickers)
Làm đẹp
HDR
Chuyên nghiệp (Pro)
Bộ lọc màu
Ban đêm (Night Mode)
AI Camera",5000mAh,,False,MediaTek Dimensity 9000,Khung nhựa & Mặt lưng thuỷ tinh hữu cơ,177g,161.4mm x 74.1mm x 7.6mm,2 SIM (Nano-SIM),False,V5.3,False,802.11 a/b/g/n/ac/6,True,98,"Cảm biến vân tay (dưới màn hình)
Cảm biến tiệm cận
Cảm biến ánh sáng
Cảm biến gia tốc kế
La bàn số",IP64,Android,13,98,
Điện thoại OPPO Reno12 5G (12GB/256GB),90Hz,LCD,720 x 1604,"6.67""",1000nits,8GB,256GB,"Xóa phông
Tự động lấy nét (AF)
Trôi nhanh thời gian (Time Lapse)
Toàn cảnh (Panorama)
Làm đẹp
Chuyên nghiệp (Pro)
Ban đêm (Night Mode)",5000mAh,Sạc nhanh 33W,False,Snapdragon 6s 4G Gen1,Khung hợp kim & Mặt lưng thuỷ tinh hữu cơ,193g,"Đen: 165.6mm x 76mm x 7.99mm
Tím: 165.6mm x 76mm x 8.04mm",2 Nano SIM,False,V5.0,False,"2.4G/5G, 802.11 a/b/g/n/ac",True,99,"Mở khoá vân tay cạnh viền
Mở khoá khuôn mặt",IP54,Android,14,99,
OPPO A79 5G 8GB/256GB,90Hz,LCD,720 x 1604,"6.67""",1000nits,6GB,128GB,,5000mAh,,False,Snapdragon 6s 4G Gen1,Khung hợp kim & Mặt lưng thuỷ tinh hữu cơ,192g,165.65mm x 75.98mm x 7.99mm,Dual nano-SIM + 1 thẻ nhớ,False,V5.0,True,"2.4G/5G, 802.11 a/b/g/n/ac",True,100,"Mở khoá vân tay dưới màn hình, Mở khoá khuôn mặt",IP65,Android,14,100,
Điện thoại OPPO A18 4GB/128GB,120Hz,AMOLED,2400 x 1080,"6.7""",1200nits,8GB,256GB,,5000mAh,,False,Dimensity 6300,Khung nhựa & Mặt lưng thuỷ tinh hữu cơ,186g,165.7mm x 76mm x 7.68mm,Dual nano-SIM hoặc 1 nano-SIM+1 thẻ nhớ,False,V5.3,False,802.11 a/b/g/n/ac/ax,True,101,"Mở khoá vân tay cạnh viền, Mở khoá khuôn mặt",IPX4,Android,14,101,
Điện thoại OPPO A58 (6GB/128GB),90Hz,IPS LCD,1612 x 720,"6.56""",720nits,4GB,64GB,"Trôi nhanh thời gian (Time Lapse)
Xóa phông
Ban đêm (Night Mode)
Chuyên nghiệp (Pro)
Làm đẹp
Nhãn dán (AR Stickers)
Google Lens
Bộ lọc màu",5000mAh,Siêu sạc nhanh SUPERVOOC,False,MediaTek Helio G85,Khung nhựa & Mặt lưng thuỷ tinh hữu cơ,188g,163.74mm x 75.03mm x 8.16mm,2 Nano SIM,False,V5.3,False,Wi-Fi 802.11 a/b/g/n/ac,True,102,"Mở khoá vân tay cạnh viền, Mở khoá khuôn mặt",IP54,Android,13,102,
Điện thoại OPPO Find N2 Flip,60Hz,LTPS LCD,2412 x 1080,"6.72""",680nits,8GB,128GB,"Xóa phông
Tự động lấy nét (AF)
Trôi nhanh thời gian (Time Lapse)
Toàn cảnh (Panorama)
Nhãn dán (AR Stickers)
Làm đẹp
Hiệu ứng Bokeh
Chuyên nghiệp (Pro)
Ban đêm (Night Mode)",5000mAh,,False,Helio G85,Khung hợp kim & Mặt lưng thuỷ tinh hữu cơ,192g,165.65mm x 75.98mm x 7.99mm,Dual nano-SIM + 1 thẻ nhớ,False,V5.3,True,802.11 a/b/g/n/ac,True,103,"Mở khoá vân tay cạnh viền, Mở khoá khuôn mặt",IP54,Android,13,103,
OPPO A3 8GB/256GB,90Hz,IPS LCD,720 x 1612,"6.56""",528nits,4GB,128GB,"Zoom kỹ thuật số
Xóa phông
Trôi nhanh thời gian (Time Lapse)
Toàn cảnh (Panorama)
Quét tài liệu
Quay chậm (Slow Motion)
Làm đẹp
HDR
Google Lens
Chụp ảnh chuyển động
Chụp hẹn giờ
Chuyên nghiệp (Pro)
Bộ lọc màu
Ban đêm (Night Mode)",4300mAh,,False,,Khung & Mặt lưng nhựa,198g,165.75 mm x 76.1 mm x 8.1 mm,2 Nano SIM,False,V5.0,False,Dual-band (2.4 GHz/5 GHz),True,104,"Mở khoá vân tay cạnh viền, Mở khoá khuôn mặt",IPX4,Android,14,104,
Điện thoại OPPO Reno12 F 5G (8GB/256GB),120Hz,AMOLED,2400 × 1080,6.67″,1800nits,8GB,256GB,"Chụp ảnh, Chân dung, Chụp đêm, Quay video, Độ phân giải cao, Toàn cảnh, Căn chỉnh tài liệu, Chuyển động chậm, Tua nhanh thời gian, Chế độ chuyên nghiệp, Video hiển thị kép, Live Photo",5000mAh,,False,Snapdragon 685,Khung & Mặt lưng nhựa,185g,163.63mm x 75.58mm x 8.39mm,1 nano SIM + 1 nano SIM / 1 micro SD,False,V5.0,False,"2.4 GHz, 5 GHz",True,105,Mở khoá vân tay cạnh viền,IP54,Funtouch,OS 14,105,
OPPO A18 4GB/64GB,90Hz,IPS LCD,Chính 50 MP & Phụ 0.08 MP,"6.68""",1000nits,8 GB,128GB,"Xóa phông
Trôi nhanh thời gian (Time Lapse)
Toàn cảnh (Panorama)
Siêu độ phân giải
Quét tài liệu
Quay chậm (Slow Motion)
Chụp ảnh chuyển động
Chuyên nghiệp (Pro)
Ban đêm (Night Mode)",5000mAh,,False,Unisoc Tiger T612,Polymer,"186g (Pha Lê Đen)
188g (Kim Cương Xanh)","163.17 × 75.81 × 7.79mm (Pha Lê Đen)
163.17 × 75.81 × 7.95mm (Kim Cương Xanh)",2 Nano SIM,False,v5.2,False,,True,106,Mở khoá vân tay cạnh viền,IP54,Android,14,106,
Điện thoại OPPO A58 8GB/128GB,90Hz,IPS LCD,1612 x 720,"6.56""",840nits,6GB,128GB,"Zoom kỹ thuật số
Xóa phông
Trôi nhanh thời gian (Time Lapse)
Toàn cảnh (Panorama)
Siêu độ phân giải
Quét tài liệu
Quay chậm (Slow Motion)
Làm đẹp
HDR
Google Lens
Chụp ảnh chuyển động
Chụp hẹn giờ
Chuyên nghiệp (Pro)
Bộ lọc màu
Ban đêm (Night Mode)",5100mAh,Siêu sạc nhanh SUPERVOOC 45W,False,Helio G85,Polymer,185g,163.63mm × 75.58mm × 8.39mm,2 Nano SIM,False,V5.0,False,"2.4GHz, 5GHz",True,107,"Mở khoá vân tay cạnh viền
Mở khoá khuôn mặt",IP54,Funtouch,OS 14,107,
Vivo Y100 8/256GB - Chính hãng,60Hz,IPS LCD,1612 x 720,"6.56""",Đang cập nhật,4GB,64GB,"Zoom kỹ thuật số
Xóa phông
Trôi nhanh thời gian (Time Lapse)
Toàn cảnh (Panorama)
Quét tài liệu
Quay chậm (Slow Motion)
Làm đẹp
HDR
Google Lens
Chụp ảnh chuyển động
Chụp hẹn giờ
Chuyên nghiệp (Pro)
Bộ lọc màu
Ban đêm (Night Mode)",5000mAh,,False,Helio G85,Khung & Mặt lưng nhựa,185g,163.63mm x 75.58mm x 8.39mm (Nâu) | 8.53mm (Trắng Xanh),2 Nano SIM,False,V5.0,False,"2.4 GHz, 5 GHz",True,108,Face ID,IP54,Funtouch,OS 14.0,108,
Vivo Y19S 8/128GB - Chính hãng,60Hz,LCD,1612 x 720,"6.56""",840nits,4GB,128GB,"Chụp ảnh, Chụp đêm, Chân dung, Quay video, Độ phân giải cao 50MP, Toàn cảnh, Live Photo, Chuyển động chậm, Tua nhanh thời gian, Chế độ chuyên nghiệp, Tài liệu",5000mAh,,False,MediaTek Helio G85,Khung & Mặt lưng nhựa,Nặng 185g,163.63mm x 75.58mm x 8.39mm,2 nano SIMs + 1 micro SD,False,V5.0,False,2.4GHz /5GHz,True,109,Vân tay dưới màn hình,IP54,Funtouch,OS 13,109,
Vivo Y03T 4/128GB - Chính hãng,90Hz,IPS LCD,2388 x 1080,"6.64""",650nits,8GB,128GB,"Phơi sáng kép
Chuyên nghiệp (Pro)
Chống rung điện tử kỹ thuật số (EIS)
HDR
Siêu độ phân giải
Làm đẹp
Live Photo
Bộ lọc màu
Trôi nhanh thời gian (Time Lapse)
Toàn cảnh (Panorama)
Tự động lấy nét (AF)
Ban đêm (Night Mode)
Quay chậm (Slow Motion)
Xóa phông
Zoom kỹ thuật số",5500 mAh,,False,Snapdragon 680,Khung kim loại & Mặt lưng nhựa,186g,163.74mm × 75.43mm × 8.09mm,2 Nano SIM,False,V5.0,False,Wi-Fi 802.11 a/b/g/n/ac,True,110,Mở khoá vân tay cạnh viền,IP64,Android,13,110,
Vivo Y18s 6/128GB- Chính hãng,90Hz,IPS LCD,2408 x 1080,"6.58""",550nits,8GB,128GB,"Xóa phông
Hiệu ứng Bokeh
Góc rộng (Wide)
Zoom kỹ thuật số
AI Camera
Góc siêu rộng (Ultrawide)",5000mAh,,False,Snapdragon 680,Khung kim loại & Mặt lưng kính,202g,164.06mm x 76.17mm x 8.07mm,2 Nano SIM,False,V5.0,False,Wi-Fi 802.11 a/b/g/n/ac,True,111,"Mở khoá vân tay cạnh viền
Mở khoá khuôn mặt",IP54,Funtouch,OS 12,111,
Vivo Y03 4/64GB- Chính hãng,90Hz,AMOLED,2040 x 1080,"6.44""",1300nits,8GB,128GB,"Ban đêm (Night Mode)
Chuyên nghiệp (Pro)
Chụp chân dung
Nhãn dán (AR Stickers)
Quay chậm (Slow Motion)
Quay video hiển thị kép
Siêu cận (Macro)
Toàn cảnh (Panorama)
Trôi nhanh thời gian (Time Lapse)",5000mAh,,False,MediaTek Dimensity 900,Polymer cao cấp 2.5D,188g,164.3mm x 76.1mm x 8.28mm,2 Nano SIM hoặc 1 Nano SIM + 1 eSIM,False,V5.2,False,802.11 a/b/g/n/ac,True,112,Mở khoá khuôn mặt,IP54,Android,12,112,
Điện thoại Vivo Y17s 4GB/128GB,90Hz,IPS LCD,1612 x 720,"6.55""",530nits,8GB,128GB,"Siêu độ phân giải
Ban đêm (Night Mode)
Trôi nhanh thời gian (Time Lapse)
Quay chậm (Slow Motion)
Xóa phông
Toàn cảnh (Panorama)
Live Photo",5000mAh,,False,Snapdragon 680,Đang cập nhật,186g,159.20mm x 74.20mm x 7.79mm,2 Nano SIM,False,V5.0,False,Dual-band (2.4 GHz/5 GHz),True,113,Vân tay cạnh bên,IP54,Android,12,113,
Điện thoại Vivo Y36 8GB/128GB,90Hz,AMOLED,2404 x 1080,"6.44""",1300nits,8GB,128GB,"Xóa phông
Tự động lấy nét (AF)
Trôi nhanh thời gian (Time Lapse)
Toàn cảnh (Panorama)
Siêu độ phân giải
Siêu cận (Macro)
Quay video hiển thị kép
Quay chậm (Slow Motion)
Nhãn dán (AR Stickers)
Làm đẹp
Live Photo
HDR
Góc siêu rộng (Ultrawide)
Chống rung
Chuyên nghiệp (Pro)
Bộ lọc màu
Ban đêm (Night Mode)
AI Camera",5000mAh,Sạc pin nhanhTiết kiệm pin,False,SDM 778G,Khung & Mặt lưng nhựa Polymer cao cấp,192g,164.3mm x 76.1mm x 8.38mm,2 Nano SIM,False,V5.1,False,Có,True,114,Mở khoá khuôn mặtMở khoá vân tay cạnh viền,IP54,Android,12,114,
Vivo Y35 8GB/128GB - Chính hãng,120Hz,LCD,2404 x 1080,"6.58""",460nits,8GB,128GB,"Zoom kỹ thuật số
Xóa phông
Tự động lấy nét (AF)
Trôi nhanh thời gian (Time Lapse)
Toàn cảnh (Panorama)
Siêu độ phân giải
Siêu cận (Macro)
Quay chậm (Slow Motion)
Làm đẹp
Live Photo
HDR
Góc rộng (Wide)
Chuyên nghiệp (Pro)
Bộ lọc màu
Ban đêm (Night Mode)
AI Camera",5000mAh,,False,SDM 680,Khung & Mặt lưng nhựa Polymer cao cấp,180.3g,159.7mm x 73.6mm x 8.49mm,2 Nano SIM,False,V5.0,False,Wi-Fi 802.11 a/b/g/n/ac,True,115,"Mở khoá vân tay cạnh viền
Mở khoá khuôn mặt",IP54,Android,12,115,
Vivo V25 5G 8GB/128GB - Chính hãng,120Hz,LCD,2408 x 1080,"6.58""",460nits,4GB (+1GB),64GB,"Zoom kỹ thuật số
Xóa phông
Tự động lấy nét (AF)
Trôi nhanh thời gian (Time Lapse)
Toàn cảnh (Panorama)
Siêu độ phân giải
Siêu cận (Macro)
Quay chậm (Slow Motion)
Làm đẹp
Live Photo
HDR
Góc rộng (Wide)
Chuyên nghiệp (Pro)
Bộ lọc màu
Ban đêm (Night Mode)
AI Camera",4500mAh,,False,Snapdragon 680,Khung & Mặt lưng nhựa Polymer cao cấp,182g,164.26mm x 76.08mm x 8mm,2 Nano SIM,False,V5.0,False,Wi-Fi 802.11 a/b/g/n/ac,True,116,"Mở khoá vân tay dưới màn hình
Mở khoá khuôn mặt",IP54,Android,12,116,
Vivo Y22s 8GB/128GB - Chính hãng,120Hz,AMOLED,2400 x 1080,"6.67""",1150nits,8GB,256GB,"Cảnh Đêm, Chân Dung, Quay Video, Phim Ngắn, Độ Phân Giải Cao, Toàn Cảnh, Căn Chỉnh Tài Liệu, Chuyển Động Chậm, Tua Nhanh, Siêu Trăng, Chuyên Nghiệp, Phơi Sáng Kép, Video Hiển Thị Kép, Live Photo",5000mAh,,False,Snapdragon 695,Khung & Mặt lưng nhựa Polymer cao cấp,182g,164.26mm x 76.08mm x 8mm,2 nano SIM,False,V5.1,False,2.4GHz /5GHz,True,117,"Mở khoá vân tay cạnh viền
Mở khoá khuôn mặt",IP54,Funtouch,OS 13,117,
Điện thoại Vivo T1 5G,120Hz,AMOLED,2400 × 1080,6.62’’,1300nits,8GB,256GB,Chân Dung Vòng Sáng Aura,4700mAh,Sạc pin nhanh,False,MediaTek Helio G99,Khung nhựa & Mặt lưng kính,190g,162.35mm × 74.85mm × 7.69mm,1 nano SIM + 1 nano SIM / 1 micro SD,False,V5.2,False,Wi-Fi 802.11 a/b/g/n/ac,True,118,"Mở khoá vân tay dưới màn hình, Mở khoá khuôn mặt",Đang cập nhật,Funtouch,OS 13,118,
Điện thoại Vivo T1X 8GB/128GB,90Hz,AMOLED,2040 x 1080,"6.44""",800nits,8GB,128GB,"Ban đêm (Night Mode)
Chụp chân dung
Nhãn dán (AR Stickers)
Quay video hiển thị kép
Toàn cảnh (Panorama)
Trôi nhanh thời gian (Time Lapse)",5000mAh,,False,MediaTek Helio G99,Khung & Mặt lưng nhựa,185g (Đen) | 186g (Tím),162.51mm x 75.81mm x 7.8mm,2 Nano SIM,False,V5.2,False,802.11 a/b/g/n/ac,True,119,"Mở khoá vân tay cạnh viền, Mở khoá khuôn mặt",IP52,Android,12,119,
Điện thoại Vivo T1X 4GB/64GB,60Hz,IPS LCD,1600 x 720,"6.51""",400nits,3GB,32GB,"Trôi nhanh thời gian (Time Lapse)
Làm đẹp",5000mAh,Công nghệ sạc nhanh,False,MediaTek Helio P35,Khung kim loại & Mặt lưng kính,183g,159.20mm x 74.20mm x 7.79mm,2 Nano SIM,False,V5.0,False,Dual-band (2.4 GHz/5 GHz),True,120,"Mở khoá vân tay cạnh viền, Mở khoá khuôn mặt",IP52,Android,12,120,
Điện thoại Vivo V29e - 5G,90Hz,LCD,1612 × 720,"6.56""",528nits,4GB,64GB,"Chụp ảnh, Chụp đêm, Chân dung, Quay video, Toàn cảnh, Live Photo, Chuyển động chậm, Tua nhanh thời gian, Chế độ chuyên nghiệp, Tài liệu",,Sạc pin nhanh,False,T612,Khung & Mặt lưng nhựa Polymer cao cấp,182g,163.95mm x 75.55mm x 8.19mm,2 nano SIM + 1 micro SD,False,V5.0,True,2.4GHz / 5GHz,False,121,"Mở khoá vân tay dưới màn hình, Mở khoá khuôn mặt",IP54,Android,14,121,
